tag,count
2d,2243
raymarching,2095
3d,1217
fractal,1122
noise,895
sdf,602
raymarch,569
procedural,506
voronoi,331
circle,257
raytracing,250
sphere,239
spiral,233
distance,215
mandelbrot,214
pattern,206
short,201
simple,199
animation,196
test,195
grid,191
tunnel,191
color,186
fbm,186
water,175
distancefield,167
waves,165
reflection,164
glow,161
random,161
light,157
wave,155
perlin,146
terrain,143
circles,134
math,127
tutorial,124
tiling,123
space,119
gradient,119
rainbow,118
triangle,116
sin,115
abstract,115
volumetric,110
texture,110
stars,109
plasma,108
lines,106
polar,106
truchet,105
ray,103
colors,102
golf,101
clouds,100
trippy,100
rotation,99
cube,98
torus,95
lighting,93
beginner,93
illusion,92
hexagon,89
cineshader,88
fire,88
line,87
julia,87
shadow,87
refraction,87
raytrace,87
shader,85
sine,84
2tweets,81
bezier,81
fog,81
complex,79
zoom,77
metaballs,77
experiment,76
learning,76
demoscene,75
planet,75
geometry,75
heart,73
voxel,72
star,70
shadows,70
music,69
worley,68
sun,67
simplex,67
sky,66
flower,66
antialiasing,65
cloud,64
rgb,63
hash,62
raymarcher,62
glitch,62
distortion,59
kifs,59
twitch,58
sound,57
reflections,57
sea,57
curve,57
raycasting,56
raytracer,56
4d,56
square,55
spheres,55
inktober,55
ocean,54
snow,54
art,54
intersection,53
animated,53
mouse,53
loop,53
audio,52
flag,52
box,52
shapes,51
distancefields,51
dots,51
symmetry,51
warp,50
basic,50
particles,49
field,48
phong,48
landscape,48
checkerboard,48
function,48
xor,47
psychedelic,47
neon,47
tree,46
glass,46
reproduction,46
kaleidoscope,46
weird,46
ifs,46
physics,45
moon,45
perlinnoise,45
tiles,44
moire,44
fork,43
practice,43
analytic,42
colorful,42
time,42
demo,41
smooth,41
plane,41
retro,41
hsv,41
font,41
isometric,41
ring,40
graph,40
lights,39
cellular,39
metaball,39
blob,39
tile,39
effect,39
fractals,39
sketch,39
text,39
spheretracing,39
volume,38
escher,38
interactive,38
infinite,37
ball,37
menger,37
eye,37
starfield,37
visualizer,36
mandelbulb,36
pbr,36
mountain,36
noob,35
motion,35
smoothstep,35
quadratic,35
interpolation,35
hyperbolic,35
city,34
smoke,34
livecoding,34
polygon,34
hex,34
vector,34
cubic,34
daily,34
flow,34
cool,33
glsl,33
visualization,33
plot,33
blur,33
shape,33
architecture,32
onetweet,32
pixel,32
antialias,32
flight,32
night,32
soundcloud,32
fluid,31
organic,31
blackandwhite,31
projection,31
blue,31
camera,31
cubes,31
scattering,30
cos,30
carpet,30
quadtree,30
marching,30
a,30
rotate,30
repetition,30
mirror,30
patterns,29
rectangle,29
spline,29
cell,29
parallax,29
remix,29
helix,29
bump,29
rug,28
mandelbox,28
mobius,28
mdtmjvm,28
raycast,28
transparency,28
ao,28
interference,28
parametric,28
balls,28
gyroid,28
sss,28
lightning,27
rain,27
desert,27
lava,27
twist,27
fun,27
palette,27
stripes,27
primitives,27
logo,26
iq,26
cylinder,26
vr,26
ellipse,26
shadeaday,26
morphing,26
weave,26
live,26
study,26
dithering,26
inversion,26
triangles,26
sierpinski,26
rings,25
filter,25
voxels,25
aliasing,25
game,25
shadertober,25
segment,25
checker,25
motionblur,25
spherical,25
cartoon,25
amiga,25
mod,24
displacement,24
fast,24
galaxy,24
reflect,24
sunset,24
map,24
quicky,24
radial,24
nebula,23
fresnel,23
apollonian,23
pathtracing,23
blend,23
pulse,23
csg,23
green,23
tweet,23
normal,23
recursion,23
march,23
barycentric,23
minimal,23
background,23
trigonometry,23
capsule,22
morph,22
point,22
perception,22
points,22
shadershowdown,22
livecode,22
squares,22
tetrahedron,22
sh17a,22
artofcode,22
e,22
trig,21
mountains,21
ice,21
knot,21
kaliset,21
matrix,21
shading,21
flame,21
modeling,21
hexagons,21
perspective,21
dof,21
tuto,21
filtering,21
gears,21
ui,21
tv,20
fake3d,20
orbit,20
maze,20
liquid,20
specular,20
sand,20
material,20
world,20
aa,20
surface,20
lattice,20
everyday,20
netgrind,20
juliaset,20
warping,20
uv,20
blobs,20
first,20
primitive,19
fake,19
implicit,19
metal,19
raymarched,19
occlusion,19
particle,19
learn,19
transform,19
spheremarching,19
showdown,19
diffuse,19
blinn,19
loading,19
tiny,19
wood,19
draw,19
geometric,19
cells,19
bitwise,19
ripple,18
layers,18
clock,18
cone,18
fract,18
red,18
ripples,18
error,18
alien,18
rays,18
fibonacci,18
polyhedron,18
hue,18
bokeh,18
gear,18
blackhole,18
template,18
rotating,18
dodecahedron,18
bug,18
codevember,17
polynomial,17
quaternion,17
newton,17
gaussian,17
fireworks,17
robot,17
hypnotic,17
example,17
underwater,17
bookofshaders,17
wip,17
linear,17
portal,17
sinus,17
sponge,17
scifi,16
codegolf,16
tracing,16
projective,16
biome,16
1,16
dual,16
bounce,16
ambientocclusion,16
grass,16
spin,16
de,16
oldschool,16
atmosphere,16
gif,16
sampling,16
mengersponge,16
domain,16
fft,16
dailyshader,16
mattdamon,16
arc,16
mapping,16
recursive,16
polarcoordinates,16
marble,16
earth,16
caustics,16
cppn,16
disk,16
normals,16
bubbles,16
edge,16
maths,15
set,15
ellipsoid,15
train,15
domainrepetition,15
radar,15
dragon,15
erosion,15
1d,15
heightmap,15
hexagonal,15
softshadows,15
2,15
laser,15
fractalnoise,15
pseudo3d,15
shaderforth,15
intro,15
numbers,15
glowing,15
movie,15
bw,15
smoothmin,15
loopless,15
acid,15
electricity,14
chaos,14
monochrome,14
2tc,14
simulation,14
dither,14
soft,14
mask,14
rasterizer,14
lowpoly,14
kinematics,14
gravity,14
movement,14
fold,14
bubble,14
aurora,14
battle,14
exact,14
brdf,14
folding,14
coordinates,14
dna,14
dark,14
swirl,14
repeat,14
pyramid,13
reactive,13
rayleigh,13
bluenoise,13
generative,13
mograph,13
tube,13
endless,13
crystal,13
slow,13
snowflake,13
cross,13
squircle,13
meta,13
wind,13
training,13
icosahedron,13
atan,13
fwidth,13
pacman,13
derivative,13
christmas,13
poincare,13
2tc15,12
structure,12
industrial,12
tangent,12
vortex,12
parabola,12
inktober2019,12
video,12
chess,12
subsurface,12
explosion,12
purple,12
disco,12
rocks,12
drawing,12
mix,12
demoparty,12
transformation,12
limit,12
circular,12
webcam,12
harmonics,12
caustic,12
generated,12
slime,12
refract,12
penrose,12
face,12
ambient,12
stairs,12
vaporwave,12
shiny,12
minimalist,12
cosine,12
spectrum,12
forest,12
path,12
simplexnoise,12
design,12
distancefunction,12
black,12
asd,12
bd202104,12
conformal,12
neural,12
creature,12
firstshader,11
flownoise,11
flythrough,11
functions,11
walk,11
frame,11
twister,11
signed,11
monster,11
trace,11
scene,11
implicitsurface,11
frustum,11
beam,11
double,11
pink,11
optical,11
curves,11
trip,11
angle,11
egg,11
wallpaper,11
fourier,11
paper,11
concentric,11
iteration,11
opticalillusion,11
extrude,11
zelda,11
maxnorm,11
mesh,11
kali,11
blending,11
step,11
modulo,11
contour,11
tesseract,11
character,11
quad,11
environment,11
deform,11
vectorfield,11
eyes,11
starwars,11
moving,11
eclipse,11
spinning,11
wireframe,11
revision,11
static,11
quartic,11
traversal,11
penguin,11
building,10
transition,10
road,10
thing,10
crt,10
dust,10
backwardscaptain,10
human,10
optics,10
fields,10
boundingbox,10
cave,10
love,10
worm,10
paint,10
subsurfacescattering,10
rendering,10
newbie,10
planets,10
log,10
hsl,10
asdf,10
value,10
android,10
mandala,10
colour,10
scale,10
move,10
fish,10
npr,10
coding,10
pathtracer,10
depthoffield,10
kleinian,10
infinity,10
ik,10
block,10
shadetober,10
wall,10
small,10
screensaver,10
mosaic,10
jellyfish,10
toon,10
winter,10
rock,10
hole,10
outline,10
bumpmap,10
materials,10
snake,10
experimental,10
easy,10
trabeculum,10
softshadow,10
cookie,10
analytical,10
depth,9
river,9
canyon,9
fx,9
scanline,9
sinusoidal,9
optimization,9
kerning,9
isosurface,9
80s,9
sensatron,9
dot,9
gold,9
testing,9
synthwave,9
wavy,9
distanceestimation,9
image,9
halftone,9
house,9
octahedron,9
manhattan,9
beauty,9
chromaticaberration,9
floor,9
subdivision,9
collatz,9
pipe,9
density,9
valuenoise,9
lissajous,9
droste,9
opart,9
hypercube,9
rose,9
rounded,9
mandelbrotset,9
spider,9
gabor,9
polyhedra,9
cute,9
orthographic,9
trochoid,9
pinwheel,9
trees,9
storm,9
brick,9
flare,9
conic,9
realtime,9
supernova,9
letter,9
gamma,9
sunflower,9
voronoise,9
inverse,9
curvature,9
spooky,9
feather,9
hypno,8
debug,8
rocket,8
mie,8
split,8
diagram,8
hypnosis,8
360,8
octree,8
power,8
vesica,8
boolean,8
golden,8
postprocessing,8
hud,8
skew,8
improv,8
dynamic,8
educational,8
integration,8
superformula,8
mono,8
ggx,8
microphone,8
dune,8
dailycodingchallenge,8
logpolar,8
flash,8
boat,8
closest,8
island,8
inversekinematics,8
siren,8
screenspace,8
virus,8
rect,8
bend,8
solar,8
orange,8
distribution,8
parametrization,8
audioreactive,8
orbittrap,8
vignette,8
anaglyph,8
tbos,8
sinewave,8
revolute,8
binary,8
mic,8
donut,8
imac,8
checkers,8
golfing,8
number,8
spring,8
bilinear,8
render,8
sines,8
wheel,8
teachingmaterial,8
fade,8
goo,8
polygons,8
oscilloscope,8
homework,8
4k,8
49,8
videogame,8
tonemapping,8
fur,8
bumpmapping,8
deformation,8
curl,8
white,8
sphericalharmonics,8
cat,8
bd202101,8
technique,8
algebraic,8
ship,8
moebius,8
vj,8
conetracing,8
scales,8
bouncing,8
basics,7
analysis,7
interval,7
calculus,7
utility,7
cloudy,7
slice,7
hack,7
fragment,7
minimalism,7
warsztat,7
cartesian,7
stripe,7
day,7
loader,7
aircraft,7
modelling,7
clubber,7
tech,7
circuit,7
relaxing,7
network,7
lsd,7
bars,7
outlands,7
translucency,7
grain,7
sprite,7
library,7
layer,7
multiscale,7
lazer,7
domainwarping,7
normalmap,7
bird,7
mathematics,7
vectors,7
dancing,7
sunrise,7
5,7
cheap,7
inspirnathan,7
helloworld,7
arrows,7
machine,7
domaincoloring,7
n00b,7
comments,7
buildings,7
sh,7
focus,7
materialmaker,7
smin,7
model,7
education,7
gi,7
blackwhite,7
northern,7
domainwarp,7
catmullrom,7
intersect,7
jam,7
equerre,7
tentacles,7
ghost,7
pixels,7
gerstner,7
rand,7
mandlebrot,7
grayscale,7
advection,7
atmospheric,7
drops,7
area,7
srgb,7
progress,7
tracer,7
tesselation,7
beat,7
c64,7
scrolling,7
pi,7
school,7
flowers,7
approximation,7
lens,7
volumetrics,7
bisymmetry,7
style,7
bspline,7
logarithm,7
hearts,7
multiple,7
signeddistancefield,7
signal,7
electric,7
digits,7
glossy,7
packing,7
equirectangular,7
temple,7
quasicrystal,7
spinner,7
boxes,7
triangular,7
minecraft,7
8,7
lensflare,7
mondrian,7
equation,7
euclidean,7
godrays,7
trap,7
book,7
stereographic,7
oil,7
submarine,6
verne,6
neuralnetwork,6
gradients,6
periodic,6
dance,6
greek,6
wake,6
looping,6
raymerching,6
turbulence,6
contrast,6
edges,6
filament,6
saturn,6
norm,6
mars,6
mercator,6
visuals,6
tri,6
smiley,6
void,6
skull,6
life,6
bbox,6
glitter,6
commented,6
spirals,6
spirograph,6
stone,6
liveshading,6
flat,6
abs,6
primes,6
quadric,6
plotter,6
arealight,6
footwear,6
wtf,6
hello,6
lavalamp,6
hill,6
spike,6
goldenratio,6
collision,6
solver,6
digit,6
idk,6
linfinity,6
maximumnorm,6
lod,6
sinusoid,6
chocolate,6
subdivide,6
vogel,6
nodevember,6
round,6
horizon,6
genuary,6
doodling,6
plant,6
another,6
volcano,6
midterms,6
bricks,6
impossible,6
texturing,6
linesegment,6
wobble,6
weather,6
nv15,6
bounding,6
breathing,6
3dnoise,6
real,6
drone,6
xmas,6
psy,6
print,6
3,6
poly,6
pretty,6
ufo,6
circuits,6
speed,6
logarithmic,6
penumbra,6
universe,6
4,6
cloth,6
easing,6
symbol,6
coloring,6
iridescence,6
df,6
cis461,6
project,6
moir,6
japan,6
pastel,6
pseudorandom,6
halloween,6
sinewaves,6
web,6
performance,6
15mins,6
integer,6
blackbody,6
digital,6
spaceship,6
fly,6
cornellbox,6
screen,6
mini,6
yinyang,6
chromatic,6
ssaa,6
polarmod,6
generator,6
rolling,6
code,6
scaling,6
steps,5
relativity,5
cut,5
extrusion,5
car,5
union,5
energy,5
integral,5
honeycomb,5
tessellation,5
nova,5
experiments,5
aperiodic,5
ugly,5
scatter,5
coherentnoise,5
strobe,5
brownian,5
yang,5
hammer,5
roll,5
puma,5
valentine,5
tag,5
brush,5
anisotropic,5
phi,5
ground,5
forked,5
raytraced,5
blinnphong,5
supershape,5
tower,5
triplanar,5
borders,5
beziercurve,5
siggraph,5
burn,5
tan,5
birthday,5
cis561,5
cyan,5
awesome,5
generalized,5
arrow,5
automatic,5
replication,5
rust,5
divergencefree,5
virtualdj,5
marbling,5
disc,5
octagon,5
gooey,5
koch,5
warped,5
transparent,5
nodes,5
oculus,5
1tweet,5
devember,5
cellnoise,5
repeating,5
kleiniangroups,5
instagram,5
imi202001,5
fisheye,5
coronavirus,5
gasket,5
numerical,5
sh16b,5
epilepsy,5
inktober2020,5
msaa,5
triangulation,5
frog,5
hgsdf,5
uvs,5
dream,5
twotweet,5
dynamiceps,5
atom,5
genuary2021,5
cooktorrance,5
flicker,5
crazy,5
pulsing,5
fan,5
painting,5
atari,5
illumination,5
mz,5
forloop,5
cold,5
klos,5
pixelspirit,5
smartblend,5
gloop,5
horror,5
1k,5
trails,5
graphic,5
liveshader,5
polka,5
plotting,5
snowman,5
boze,5
broken,5
regular,5
zooming,5
bit,5
colored,5
isoline,5
bridge,5
antialiased,5
planes,5
bones,5
window,5
yolo,5
stretch,5
corona,5
astronomy,5
array,5
renderer,5
something,5
pentagon,5
minimalistic,5
sprites,5
tiled,5
colorwheel,5
edgedetection,5
inktober2021,5
noise3d,5
segments,5
overlap,5
inside,5
shine,5
hdr,5
tentacle,5
hypersphere,5
iterations,5
bunny,5
spotlight,5
rasterization,5
flying,5
pipes,5
cardioid,5
ribbon,5
iridescent,5
help,5
wallpapergroup,5
trigonometric,5
pmod,5
beer,5
chicken,5
foam,5
yellow,5
raster,5
colab,5
duck,5
chain,5
1tc,5
compression,5
hypnotizing,5
ycbcr,5
magnet,5
min,5
mechanics,5
aberration,5
diamond,5
bad,5
artifacts,5
scary,5
sciencefiction,4
visual,4
shift,4
automaticdifferentiation,4
gui,4
tonemap,4
sinwave,4
euler,4
bacteria,4
calm,4
sh17b,4
grids,4
trefoil,4
husky,4
rotozoom,4
techy,4
insect,4
eggs,4
sensatom,4
countdown,4
generativeart,4
artofshaders,4
aabb,4
flashing,4
pentagonal,4
cycle,4
try,4
imageprocessing,4
pow,4
gem,4
outrun,4
bending,4
retrowave,4
snowflakes,4
system,4
iterated,4
cornell,4
motiongraphics,4
cars,4
billboard,4
phantommode,4
realistic,4
distancefunctions,4
torusknot,4
gradation,4
lambertian,4
puzzle,4
cake,4
conversion,4
stad,4
copyagif,4
shadereveryday,4
differentiation,4
2dfractal,4
wythoff,4
stream,4
sonic,4
boom,4
hermite,4
colorspace,4
translate,4
overlapping,4
exercise,4
land,4
hyperboloid,4
palm,4
ornament,4
normalmapping,4
sample,4
rift,4
hills,4
quake,4
prism,4
slimyparty,4
ass,4
artistic,4
lerp,4
rotationmatrix,4
binarytree,4
symmetries,4
multiplication,4
series,4
2019,4
animate,4
hypertexture,4
linf,4
7,4
float,4
shaders,4
randomness,4
watercolor,4
yet,4
prng,4
raycaster,4
vasarely,4
tilling,4
donuts,4
rnd,4
continuity,4
teapot,4
chladni,4
bio,4
tubes,4
fuzzy,4
signeddistance,4
quick,4
sawtooth,4
twinkle,4
montecarlo,4
rosace,4
bar,4
fractale,4
attractor,4
lmnorose,4
radius,4
x,4
graphics,4
teaching,4
strips,4
blocks,4
visualiser,4
asteroid,4
shaping,4
scroll,4
sdfs,4
diamonds,4
head,4
dice,4
fuzzylogic,4
analog,4
smoothing,4
octopus,4
branchless,4
nature,4
brightness,4
utils,4
2021,4
spikes,4
magic,4
tdf,4
bismuth,4
chill,4
mechanical,4
robotic,4
theartofcode,4
interior,4
bloom,4
6,4
clip,4
jitter,4
skyline,4
silhouette,4
conservative,4
eyeball,4
schottky,4
iterative,4
rorschach,4
islands,4
dirt,4
neuralnet,4
string,4
sail,4
colours,4
waving,4
fractalcineshader,4
old,4
roots,4
no,4
candy,4
truchets,4
toy,4
jupiter,4
core,4
casteljau,4
colorpalette,4
saturation,4
hair,4
dissolve,4
heartbeat,4
stuff,4
rope,4
invaders,4
yin,4
trianglewave,4
shadertoy,4
visualisation,4
procgen,4
ps2,4
25d,4
windows,4
rm,4
formula,4
shaderaday,4
lab,4
date,4
cactus,4
dispersion,4
jneen,4
cover,4
ink,4
summer,4
procedual,4
t,4
mis,4
hologram,4
leaf,4
orb,4
cristal,4
radclick,4
colourful,4
mushroom,4
playstation,4
goursat,4
frequency,4
bandlimited,4
asteroids,4
smile,4
sh18,4
letters,4
classic,4
minkowski,4
hemisphere,4
question,4
distort,4
colorshift,4
splitscreen,4
headache,4
hyperbola,4
reticle,4
hyperspace,4
circlepacking,4
loopfree,4
reproductions,4
work,4
sign,4
concrete,4
butterfly,4
satiny,4
bored,4
yuv,4
sig15,4
pie,4
nintendo,4
singularity,4
textures,4
teeth,4
overlay,4
target,4
bound,4
walls,4
blood,4
fragmentshader,4
rng,4
multicolor,4
hypercomplex,4
hot,4
figure,4
stroke,3
harmonic,3
vornoi,3
effects,3
satisfying,3
romania,3
catafest,3
polynom,3
plaid,3
predator,3
dfdx,3
london,3
noise2d,3
geodesic,3
tornado,3
object,3
relax,3
lunar,3
plants,3
r2,3
interferences,3
huygens,3
psychadelic,3
rubber,3
jelly,3
cairo,3
mandelbrotfractal,3
textile,3
fox,3
dunes,3
crater,3
greyscale,3
wet,3
sculpture,3
convolution,3
kirby,3
grey,3
kaleidoscopic,3
superellipse,3
superquadric,3
spectral,3
timestables,3
spacefolding,3
c,3
lollipop,3
reflective,3
pillar,3
asdfasdfasdf,3
books,3
course,3
proc,3
complexanalysis,3
uvmapping,3
firework,3
3ary,3
slimy,3
graphing,3
glim888,3
tags,3
normalize,3
town,3
yeis,3
gradientdescent,3
shutter,3
columns,3
ellipses,3
mesa,3
swim,3
tron,3
raymarcing,3
squid,3
gameboy,3
stateless,3
prototyping,3
ease,3
hsb,3
nonlinear,3
input,3
textured,3
lambert,3
resolution,3
polarcoordinate,3
leaves,3
displace,3
specialfunctions,3
emoji,3
lighthouse,3
dolphin,3
pentagram,3
spore,3
asdfasd,3
hybrid,3
pride,3
quadraticbezier,3
p6mm,3
oriented,3
challenge,3
compo,3
funky,3
body,3
fingerprint,3
holes,3
catmull,3
specularreflection,3
bicubic,3
bullet,3
ss,3
jigsaw,3
sizecoding,3
grimoire,3
torch,3
slowtember,3
ode,3
knob,3
draft,3
flashlight,3
length,3
melting,3
almostidentity,3
sabs,3
subpixel,3
dda,3
tool,3
diffraction,3
optic,3
quantization,3
gate,3
ashima,3
gradiant,3
wobbly,3
logistic,3
dunno,3
elliptic,3
surreal,3
mandel,3
weaving,3
hueshift,3
reef,3
frost,3
shaderart,3
chart,3
zero,3
spirit,3
maps,3
colorscience,3
uniform,3
cam,3
oklab,3
cosinus,3
shaderclub,3
vfx,3
apple,3
pseudofont,3
tonemapper,3
man,3
curvefitting,3
border,3
osu,3
boundingvolume,3
nightsky,3
ceramic,3
messy,3
dynamics,3
valley,3
chromaticabberation,3
pulsar,3
snakes,3
floatingpointerrors,3
pewdiepie,3
post,3
division,3
gabornoise,3
nasa,3
meme,3
2ddistance,3
cavern,3
spiky,3
fez,3
cathedral,3
clover,3
bvh,3
quintic,3
platonic,3
mario,3
covid19,3
cards,3
sparkle,3
tartan,3
parallelogram,3
mode7,3
topology,3
media,3
unix,3
neurons,3
petals,3
fall,3
cast,3
fraktal,3
swirls,3
molecule,3
interesting,3
raymaching,3
prime,3
in,3
volcanic,3
asdfasdf,3
precision,3
estimate,3
artofthecode,3
text2image,3
table,3
heat,3
it,3
popcorn,3
seascape,3
pixelart,3
ai,3
exponential,3
moss,3
silexars,3
radialblur,3
over,3
algorithm,3
covid,3
stanfordbunny,3
linesegments,3
mashgraph,3
flip,3
mercury,3
imaginary,3
oren,3
nayar,3
shit,3
pointcloud,3
frozen,3
i,3
passage,3
glint,3
theyaremanycolors,3
asciiart,3
shane,3
strange,3
workshop,3
trianglenoise,3
lasers,3
fourierseries,3
forcefield,3
planetside,3
arithmetic,3
composition,3
differential,3
hopf,3
fibration,3
bonzomatic,3
rainbows,3
voronoin,3
adventure,3
stylized,3
epicycles,3
sakura,3
timer,3
f,3
greeble,3
ceil,3
ride,3
domaindistortion,3
gas,3
pendulum,3
radio,3
antenna,3
kapsy,3
earvagegg,3
windwaker,3
mobile,3
fruit,3
vhs,3
section,3
rollercoaster,3
universes,3
twisting,3
orthonormal,3
basis,3
algebra,3
shaderjam,3
rollingshutter,3
stringtheory,3
cubicbezier,3
enigma,3
party,3
gradientnoise,3
gammacorrection,3
glenz,3
cyclic,3
timewarp,3
bifurcation,3
celshading,3
greenscreen,3
convergence,3
s,3
superprim,3
3tweets,3
techno,3
arcs,3
delaunay,3
solarsystem,3
ratio,3
magritte,3
playground,3
wedge,3
stereoscopic,3
psf,3
cheese,3
tomato,3
dvdp,3
hatching,3
filling,3
winding,3
generation,3
conway,3
voronesque,3
heightfield,3
pointlight,3
isolines,3
stolen,3
blaze,3
globe,3
explode,3
unreal,3
sandbox,3
happy,3
sad,3
labyrinth,3
edit,3
opengl,3
anime,3
bits,3
commodore,3
metallic,3
crteffect,3
intersector,3
wolf,3
burningship,3
room,3
madelbrot,3
twotweets,3
burning,3
twisted,3
shade,3
visualize,3
dave,3
milk,3
pixelation,3
swimming,3
sinusoidswave,3
curtain,3
worms,3
japanese,3
dipole,3
hand,3
natureproject,3
volumerendering,3
thickness,3
fitting,3
falling,3
midterm,3
twitchstream,3
pokemon,3
tlc,3
apollian,3
modulation,3
cherry,3
flyby,3
gasgiant,3
lorenzattractor,3
drop,3
cycloid,3
led,3
clown,3
hilbert,3
schadel,3
planedeformation,3
paradox,3
prototype,3
pentakis,3
dizzy,3
hatch,3
dotproduct,3
whitenoise,3
conveyor,3
factory,3
clone,3
balloon,3
vine,3
jungle,3
tdf2021,3
scanlines,3
monitor,3
2s,3
diffusion,3
coordinats,3
display,3
chiptune,3
raynarching,3
pong,3
race,3
mechanism,3
util,3
quantum,3
bouncingball,3
distorted,3
hexes,3
cbm,3
limited,3
half,3
bipolar,3
dancer,2
view,2
instances,2
change,2
2dnoise,2
kernel,2
rectangles,2
elevated,2
widget,2
chameleon,2
changing,2
frieze,2
wrap,2
pixar,2
caterpillar,2
raymarchin,2
impulse,2
beginer,2
sorting,2
atmospherics,2
euclid,2
bait,2
swing,2
walkman,2
fabrice,2
on,2
underground,2
ngon,2
interaction,2
2018,2
organism,2
transmittance,2
roygbiv,2
railway,2
quasirandom,2
r3,2
rave,2
constructivism,2
cliff,2
elmtili,2
creativecoding,2
cirlce,2
ying,2
transmission,2
variations,2
candle,2
mengerspone,2
fractaldirecto,2
oscillating,2
juliasets,2
pipeline,2
sigmoid,2
soleil,2
shaderbattle,2
valentinesday,2
0x4015,2
antelope,2
arizona,2
emission,2
aesthetic,2
thebookofshader,2
sequence,2
mist,2
distorsion,2
one,2
bands,2
colormix,2
coffee,2
framework,2
structures,2
goop,2
like,2
magnetic,2
enso,2
superellipsoid,2
skyscraper,2
pnorm,2
wavepractice,2
panel,2
cog,2
faux,2
position,2
extraction,2
octave,2
trilinear,2
phase,2
musicvisualizer,2
ant,2
bzier,2
crossproduct,2
orthographicprojection,2
cocentric,2
mandlebulb,2
recreation,2
volumelight,2
buckyball,2
curlnoise,2
gamemakerstudio,2
cymatics,2
joukowsky,2
nike,2
cmyk,2
op,2
asdfa,2
fantasy,2
colortheory,2
josephalbers,2
wellcommented,2
glare,2
spine,2
magicbox,2
factorials,2
screw,2
bolt,2
gay,2
lgbt,2
faces,2
lyapunov,2
banding,2
borrowed,2
joydivision,2
toonshading,2
marchingcubes,2
radialgradient,2
lanscape,2
archaeology,2
camouflage,2
show,2
nrook,2
food,2
spotnoise,2
dk2,2
arm,2
twolink,2
flashingcolors,2
mathematical,2
portrait,2
robinson,2
inefficient,2
crepuscularity,2
dusk,2
inercia2019,2
quickly,2
assert,2
aaaa,2
knit,2
atanh,2
track,2
branching,2
band,2
china,2
pig,2
gaming,2
cellmarching,2
3dprinting,2
absorption,2
tracking,2
meanvaluecoordinates,2
deerfeeder,2
lineintegral,2
edynvr,2
optimized,2
reaction,2
stellation,2
infinitetunnel,2
bernoulli,2
lemniscate,2
rgbshift,2
3tap,2
trail,2
programming,2
xy,2
mockup,2
sequel,2
drive,2
street,2
fabric,2
faberge,2
chessboard,2
cookiezine,2
cookieparty,2
ville,2
maplestudy,2
quincunx,2
compare,2
transforms,2
hsv2rgb,2
glitchy,2
contours,2
potential,2
unfinished,2
heatmap,2
rectangular,2
offset,2
zentangle,2
manhatten,2
prim,2
fractalraymarching,2
cyberpunk,2
planar,2
volumetricclouds,2
marker,2
raymarchingsphere,2
bananas,2
fiber,2
rhythm,2
frig,2
bitmap,2
pistons,2
sdfvoxel,2
lsystem,2
rehabilitation,2
gems,2
gg,2
football,2
sport,2
droplet,2
stock,2
pedal,2
umbrella,2
neat,2
reveal,2
cityscape,2
cellmarch,2
toolboxfunctions,2
pt,2
holidays,2
rom,2
wild,2
tilings,2
tunel,2
ultraviolet,2
difference,2
god,2
smoothoperators,2
kawaii,2
svg,2
seamless,2
tensor,2
highpass,2
bayer,2
vjing,2
zcam,2
derivation,2
filtered,2
demosplash,2
wormhole,2
mystery,2
progressbar,2
neuralnetworks,2
floatingsandbox,2
or,2
parallaxmapping,2
cow,2
exp,2
run,2
trabeculae,2
pca,2
mathematica,2
parametriccurve,2
2dpattern,2
translation,2
batman,2
tori,2
alpha,2
wibble,2
memix,2
scenery,2
dubstep,2
kalifractal,2
swirly,2
jacobian,2
luminous,2
highway,2
flake,2
dojo,2
lineplaneintersection,2
subluminic,2
buds,2
postprocess,2
keijiro,2
column,2
softmin,2
phasornoise,2
circleinversion,2
helicopter,2
flare2d,2
trance,2
incircle,2
inscribed,2
quads,2
inferior,2
streetart,2
clamp,2
elves,2
wroclaw,2
envelope,2
psp,2
aces,2
null,2
emissive,2
cuboid,2
axis,2
solving,2
weierstrass,2
90s,2
sawcos,2
fisheyecamera,2
kif,2
chrysalis,2
flames,2
raymarchingheightmapplanedepth,2
oops,2
spheretrace,2
sweep,2
mistake,2
twinpeaks,2
overwatch,2
joke,2
sausage,2
gamut,2
varignon,2
bike,2
diffeomorphism,2
homogenous,2
whitney,2
spacestation,2
voroni,2
hoodlum,2
brain,2
multiverse,2
lit,2
lensing,2
spiralgalaxy,2
clipping,2
woven,2
nonrealistic,2
rasterbar,2
journey,2
supersampling,2
airplane,2
whitneymusicbox,2
temporaldithering,2
cubemap,2
drugs,2
hackathon,2
smax,2
wing,2
mandelbar,2
tileable,2
psychodelic,2
blizzard,2
editsdf,2
apollonius,2
sections,2
original,2
shaderroyale,2
volumetricfog,2
smoothmax,2
jagarikin,2
facet,2
stainedglass,2
sounds,2
horosphere,2
chun,2
teddybear,2
2dlighting,2
texturemapping,2
what,2
conics,2
lorenzian,2
variance,2
lagrangian,2
bernstein,2
terrains,2
demojs,2
raymarchig,2
streamer,2
ddd,2
ortho,2
3b1b,2
goa,2
nice,2
novice,2
zx,2
toy1forfollowers,2
iceberg,2
attempt,2
concept,2
uranus,2
curved,2
azimuthal,2
equidistant,2
casting,2
monumental,2
swizzle,2
bias,2
root,2
lighted,2
loops,2
blink,2
gloss,2
panini,2
pulsating,2
geography,2
war,2
coordinate,2
modulus,2
plasmaeffect,2
fixedstep,2
rubix,2
modified,2
cellularnoise,2
click,2
corridor,2
squarewave,2
functional,2
aimation,2
phased,2
translucent,2
posteffect,2
id,2
cutout,2
hilbertcurve,2
glacier,2
coils,2
sd,2
m87,2
parody,2
hglib,2
sparks,2
givd,2
meditation,2
portals,2
sincos,2
sdfmodelling,2
hypnotoad,2
succulent,2
scanner,2
knn,2
stylised,2
lightsweep,2
droid,2
chebyshev,2
cielab,2
bitoperations,2
slitscan,2
superposition,2
layered,2
polarcoords,2
triintersect,2
formulanimations,2
colordistortion,2
lost,2
biology,2
flashes,2
air,2
tangentcapsule,2
appolonean,2
maya,2
inca,2
slide,2
steel,2
kilt,2
snoise,2
sports,2
h,2
mg,2
derivatives,2
schwarzchristoffel,2
sexy,2
d,2
testshader,2
mirrors,2
5d,2
second,2
correlation,2
icon,2
morton,2
dde,2
homotopy,2
terrian,2
science,2
stickman,2
introduction,2
wiggle,2
raymarchappletuto,2
cc0,2
petal,2
copy,2
floating,2
phaseportrait,2
fanart,2
orbs,2
nyan,2
attenuation,2
doubleprecision,2
decic,2
cartography,2
glasspatterns,2
latice,2
adjoint,2
stack,2
assignment,2
barycentriccoordinates,2
order,2
chrome,2
multiplelights,2
lake,2
pointy,2
puddles,2
blobby,2
proceduraltexture,2
rr,2
pickover,2
microtiles,2
zone,2
pmg,2
angel,2
stexos,2
wang,2
group,2
pallete,2
conformalmapping,2
ios,2
discontinuity,2
carving,2
rounding,2
disymmetry,2
terminal,2
irrationality,2
roundedcube,2
nothing,2
sensor,2
plate,2
cheeseburger,2
burger,2
lettuce,2
proceduralgeneration,2
domino,2
page,2
logisticmap,2
rhombus,2
gdp,2
girlpower,2
specularocclusion,2
willstallchallenge,2
expressive,2
handdrawing,2
landmass,2
fbmnoise,2
windmill,2
visualillusion,2
sh2014,2
waterfall,2
demoeffect,2
splitting,2
asdfasdfa,2
negative,2
manifold,2
connection,2
benchmark,2
graprogact1,2
soundscreatedbyadobin20150410,2
inercia,2
royale,2
northernlights,2
laplachian,2
hexagone,2
somaticbits,2
oneliner,2
decal,2
swamp,2
struct,2
fracture,2
3draymarching,2
waveform,2
divide,2
shepardtone,2
patch,2
copper,2
coil,2
atlas,2
graprog,2
fail,2
64,2
sprixel,2
archimedes,2
hypnotize,2
ribbonassault,2
film,2
coral,2
munching,2
magical,2
television,2
glider,2
kaleidescope,2
pop,2
cellshading,2
outlines,2
lightspeed,2
raymarchingtest,2
3ddistancefield,2
spell,2
dnb,2
disturbing,2
lcd,2
ad,2
none,2
sum,2
koleidoscope,2
splat,2
rational,2
flickering,2
bleeding,2
boy,2
equalizer,2
modular,2
times,2
timestable,2
deathstar,2
plain,2
photoshop,2
bitwisemath,2
nothingspecial,2
fibers,2
oval,2
corn,2
for,2
wow,2
aniamted,2
humanoid,2
audiovisualization,2
quadrics,2
infinitezoom,2
parabolic,2
hw,2
tetris,2
polytope,2
17,2
tangents,2
directlight,2
to,2
heaven,2
haters,2
monochromatic,2
algae,2
colorchange,2
vertical,2
phyllotaxis,2
solve,2
degree3,2
sphereraymarch,2
max,2
runes,2
bezierpath,2
lookat,2
skybox,2
biohazard,2
juliafractal,2
raindrops,2
hexdigest,2
meteor,2
disney,2
raphson,2
invert,2
swirledseries,2
looking,2
lookingglass,2
sacred,2
saffronbun,2
remnant,2
door,2
anything,2
improvisation,2
braid,2
cables,2
sdftunnel,2
detail,2
piechart,2
playdough,2
strawberry,2
secondreality,2
gyroscope,2
realm,2
broccoli,2
animgif,2
evenmorespirals,2
stupid,2
filmic,2
miami,2
connections,2
learningshaders,2
mutation,2
pikachu,2
laplace,2
grow,2
ati,2
cga,2
lineartransformation,2
md5,2
rotations,2
snail,2
dimension,2
epitrochoid,2
foil,2
fractional,2
giger,2
evoke,2
perpendicular,2
trashtrash,2
distanceestimator,2
graphs,2
blotter,2
rip,2
walking,2
basketball,2
slices,2
obb,2
halo,2
spacefilling,2
riemann,2
raymach,2
movinglight,2
integers,2
shuriken,2
silver,2
solo,2
jazz,2
anotherfractalthing,2
snes,2
spanning,2
partition,2
escape,2
8bit,2
combiner,2
avantgarde,2
itime,2
blades,2
grp200,2
temporal,2
hexagonalgrid,2
creepy,2
motionwithoutmovement,2
descrates,2
jack,2
9,2
polkadot,2
accidental,2
fps,2
60fps,2
tt,2
hell,2
halfspace,2
compositing,2
emanating,2
hypnotise,2
tank,2
sphereflake,2
harrypotter,2
cricle,2
finite,2
private,2
2dshapes,2
unidentified,2
char,2
birth,2
newcolors,2
own,2
glitched,2
velocity,2
seizure,2
tests,2
blobbies,2
police,2
earthbound,2
pico8,2
onion,2
implicitequation,2
meh,2
aliased,2
16,2
volumn,2
collatzconjecture,2
delay,2
marcher,2
horse,2
boing,2
berry,2
swallow,2
shell,2
other,2
sonar,2
ss13,2
pack,2
complexfunctions,2
zen,2
firal,2
cosmos,2
festive,2
smoothminimum,2
panorama,2
ps3,2
badlands,2
gauss,2
webgl,2
tunelplasmav3,2
simplified,2
paintbrush,2
the,2
mirage,2
scan,2
propeller,2
copies,2
phantom,2
guy,2
vision,2
biomechanic,2
undertale,2
displacementmapping,2
zigzag,2
pumpkin,2
nightmare,2
acads,2
running,2
data,2
repeated,2
demon,2
voronoiedges,2
pseudokleinian,2
signeddistancefields,2
vogelspiral,2
beams,2
artofcoding,2
vines,2
sig2014,2
technology,2
tasty,2
explosionflash,2
twindragon,2
craters,2
thunder,2
equations,2
bendingspace,2
2020,2
combine,2
dragoncurve,2
raining,2
super,2
soc,2
noneuclidean,2
fraction,2
russian,2
quasicrystals,2
assembly,2
hw9,2
piecewise,2
theorem,2
complexnumbers,2
calibration,2
2tweet,2
orbittraps,2
pillars,2
arbitrary,2
ryojiikeda,2
stair,2
deconstruction,2
loadingscreen,2
autodiff,2
blossom,2
usa,2
keyboard,2
mouseinput,2
supernovae,2
fusion,2
funny,2
coordinatetransformation,2
pencil,2
people,2
lichen,2
useless,2
futuristic,2
sparkles,2
variable,2
limitset,2
convex,2
kraken,2
multibrot,2
picking,2
drip,2
importancesampling,2
iching,2
begginer,2
check,2
ikeda,2
operator,2
fill,1
taper,1
kompot,1
dragons,1
beeple,1
imagine,1
rgbsplit,1
hjy,1
discharge,1
hierarchy,1
instancing,1
army,1
2blobs,1
ccpn,1
anillocubosv02,1
sdcruzspongefractal,1
escalated,1
rythm,1
kraftwerk,1
padding,1
disorientationeas,1
mindtwister,1
instability,1
kelvinhelmholtz,1
akdsjhalksdjfh,1
mengertunnelv1,1
tunelhexagonov00,1
peaceful,1
uvstretch,1
ps20graprog,1
practicenewbie,1
dithertest,1
luxo,1
cassettetape,1
astronium,1
intersectsphereplanereflect,1
rec,1
lightshow,1
svd,1
singularvalue,1
randomrotation,1
wroley,1
sorted,1
closeness,1
lightdance,1
birds,1
flagoffinland,1
sft,1
2tap,1
4tap,1
stickfigures,1
peppapigbyfloppy,1
failed,1
microorganism,1
bitfield,1
truchettiles,1
soundlines,1
musicline,1
distancekaleido,1
thing1,1
cg,1
argentina,1
tuvieja,1
penis,1
logobounce,1
sdfsoftshadowdisplacement,1
incidence,1
graffiti,1
tfl,1
testline,1
tunelneonmovementinfinitecirclesparticles,1
fra,1
dacfra,1
dac,1
albertelwin,1
hexagram,1
living,1
mythology,1
stained,1
rygbv,1
roygbv,1
hierarchical,1
cyclotomic,1
trapezoids,1
duckball,1
findingnemo,1
shaneinspired,1
dimensional,1
superhexagon,1
hyperhexagonest,1
subpixelmoirepatterncirclestar,1
r4,1
hashing,1
quasi,1
pairofpants,1
cobordism,1
rootfinding,1
spacecar,1
tuhkamaa,1
typographicy,1
ealandpacjfp,1
primeracruz00,1
transformed,1
huts,1
sketchfab,1
spaed,1
psycheyes,1
raymarchblend,1
discord,1
community,1
chat,1
razor,1
columes,1
displacementmap,1
elevationmap,1
ciesky,1
onetweetglsl,1
everyday008cathedrale01,1
25mins,1
spheredistortion,1
domainwraping,1
loadspinner,1
basicclockwisesquareexample,1
surrealist,1
beta,1
hackerspace,1
rebop,1
fractalcityraymarch,1
whorl,1
soundsystem,1
flexible,1
colorchanging,1
tailrecursion,1
romance,1
romantic,1
salata,1
overflow,1
darasterizermodificadov2,1
valami,1
cabin,1
nigh,1
ligh,1
hypnoporn,1
koru,1
silvery,1
awdawd,1
asset,1
stevenuniverse,1
noisegreen,1
2dshadowlines,1
stuffstuff,1
sphericalgaussians,1
ringlight,1
sweepspheretriangle,1
victorian,1
shadowraymarch,1
chips,1
lightcolumn,1
teste,1
kukoos,1
guess,1
silverlining,1
thumb,1
facebook,1
thumbsup,1
evilsimple,1
gputechconf,1
conf,1
kdtree,1
play,1
sfml,1
tycho,1
rimlight,1
multifractal,1
traverse,1
isoutclosed,1
isoutopen,1
basicpracticeroundrectanglerotate,1
confetti,1
simplecameramodel,1
imtryingtomakeasphere,1
2order,1
analyticmotionblur,1
asdfasf,1
vanes,1
blackwave,1
783278,1
cosmictrip,1
lightrays,1
floatingpoint,1
ow,1
gbuffer,1
pinhole,1
substraction,1
subway,1
marshmallowy,1
chains,1
forke710050,1
flateric,1
chars,1
lksjdlfjsldj,1
okhsl,1
bep,1
pianomiles,1
trigophers,1
fonts,1
bessel,1
sdfcolor,1
mindneon,1
axel,1
tutoriel,1
mengerspongeva001,1
spirops,1
waveraytracing,1
wurst,1
horses,1
mengertunneldestruidov1,1
stage,1
gvd,1
mandelbrotjulia,1
justcoding,1
subtraction,1
dervivative,1
conefrustum,1
projetraytracer,1
spectrolizer,1
southpark,1
millenniumfalcon,1
towers,1
beach,1
trypophobia,1
spec,1
t02,1
spiralsincosbeginner,1
accretiondisc,1
incompressible,1
smoothvoronoi,1
greenhillzone,1
fvm,1
mdi,1
worley2d,1
celluar,1
spectralrendering,1
gamemakerstudioshaders,1
everydaychallenge,1
commaseparated,1
tau,1
desart,1
caves,1
contract,1
terrainreflection,1
apollonianv16,1
forrest,1
worldbuilding,1
relfection,1
alieneyeeyes2danimationsoundcloud,1
barf,1
unityshader,1
2dliquid,1
sombras,1
greece,1
raymarchingisometry,1
thebookofshaderstilepattern,1
thorn,1
hip,1
spongebob,1
pac,1
whynot,1
azouagh,1
seeds,1
tresbrazosthreearms,1
startnest,1
pgatr,1
migjrv,1
showreel,1
bass,1
noisecontroller,1
sinxplot,1
illuminati,1
roadtohell,1
nut,1
mirrorball,1
takaoka,1
tsdf,1
panomera,1
drifted,1
tweaked,1
pseudoexact,1
user,1
kleiniangroup,1
76,1
1dperlinnoise,1
ocarina,1
cassiniovalmathanimation,1
ceiling,1
ambientocculusion,1
hogmanay,1
phongmodel,1
cigar,1
sillouhette,1
domainoperations,1
multiisampling,1
cdlod,1
shannonnyquist,1
checks,1
smallsizecoding,1
wololo,1
petra,1
sdcylinderdoblespongeigual,1
becreative,1
trial,1
islamic,1
cylindrical,1
godray,1
polyp,1
fractalraymarchingspheres,1
2d015domainrepeatfrag,1
colorgradient,1
raymarchinglecture,1
mesmerizing,1
90scolors,1
dessert,1
sundanceeas,1
structed,1
everythingmaker,1
karhusel,1
wallpeaper,1
product,1
helix3draymarchsdspheresdcapsule,1
waternonphotorealisticcloud,1
25min,1
tracker,1
robotics,1
hardwarederivatives,1
confess,1
sinners,1
christ,1
approaches,1
hexprism,1
cherenkov,1
puddly,1
finaliterationpathtrace,1
wavecircle2d,1
brutal,1
wechat,1
checckerboard,1
gan,1
stylegan2,1
walkingsim,1
descompuestoapollonianv2,1
dscapsulesponge,1
afla,1
singapore,1
singaporean,1
voronoipattern,1
surprised,1
juststars,1
2dsquare,1
bymarcgarcaandlorinportella,1
monyaru,1
unexpected,1
patternboxes,1
bonemandelbox,1
alias,1
things,1
tricks,1
nerevawv,1
fauxraytracing,1
fauxphong,1
rasteriser,1
notpoo,1
p6mminversionresultattempt2mobius,1
miter,1
squigglepus,1
pain,1
stereoscopy,1
2dbasicbuilding,1
smoooth,1
travel,1
lonely,1
fragments,1
volumetricshading,1
vrtest,1
remap,1
remap01,1
smokeappearance,1
texture2d,1
galaxies1,1
pewd,1
shaderdojo,1
pipotron,1
simplespiralcheckerboardpattern,1
rotational,1
mutator,1
latham,1
scalar,1
extinction,1
whacky,1
distancefieldfloor,1
paving,1
asymmetric,1
thule,1
watercolornoisevingettesimple,1
cardanosmethod,1
bezierspline,1
formula2d,1
schwarzminimalsurface,1
touch,1
smily,1
printing,1
p6m,1
symmetrygroups,1
wallpapergroups,1
islamicstarpattern,1
abstracts,1
splinequadraticdistance,1
sdfgsdf,1
sdfunion,1
sheap,1
ld42,1
poor,1
moai,1
easter,1
goldennoise,1
oculusrift,1
moremobius1,1
ollj,1
deconstructionvideogameskirbyglsl,1
vinyl,1
suface,1
transferwise,1
mathfractal,1
worely,1
mazehexagon,1
09,1
breakingwave,1
all,1
seeing,1
cloudcube,1
crom,1
solarsystemorbitearthsunplanetplanets,1
plama,1
smootherstep,1
lovemath,1
aaa,1
demozoo,1
randomnoise,1
warm,1
mathsmathtetrahedronsdf,1
rarmarching,1
inessaith,1
sithing,1
hallere,1
yourinthat,1
thearold,1
thersing,1
ithearion,1
alahambra,1
blendtexture,1
volumetriccloudraymarching,1
orbitrapped,1
magnification,1
sinc,1
haversine,1
modification,1
saucer,1
soot,1
mandelbulbbyneozhaoliang,1
rodarte,1
sdcylinderdoblesponge,1
fork002simplexfrag,1
bear,1
radiohead,1
epileptictest,1
2dcolor,1
figures,1
recs,1
hydraulic,1
press,1
devil,1
indexing,1
dragonball,1
sjkldhfh,1
cuartov10v2broma,1
ascii,1
technicaldrawing,1
synthesis,1
illusoin,1
lightart,1
tuchet,1
supersample,1
3dfx,1
2x2,1
nxn,1
substitution,1
discs2d,1
moog,1
desk,1
columnacubosv1,1
arni,1
raytracingspheres,1
ringswaves,1
bicomplexmandelbrot,1
arealights,1
noloop,1
topo,1
quadrupole,1
loadingcreen,1
taxi,1
electronic,1
beinner,1
hexa,1
tritree,1
3tree,1
simplecircledrawing,1
raindropeffect,1
garf,1
tetrahedral,1
hooper,1
wocky,1
forever,1
errorfunction,1
los,1
intercept,1
beartbeat,1
snooth,1
skifs,1
seawavesminimal,1
tea,1
dfsdf,1
hillpattern,1
vibrate,1
lineswave,1
robots,1
joints,1
sewer,1
wire,1
bendy,1
quiver,1
msg,1
colorcycler,1
loopnoi,1
disapproval,1
look,1
timhorton,1
icing,1
dunkin,1
sugarrush,1
gearwheel,1
streaks,1
turbulentnoise,1
windywater,1
boxinteraction,1
gustavson,1
leds,1
of,1
lots,1
soccer,1
stadium,1
chainlink,1
impact,1
xanth,1
doppler,1
timeofflight,1
wavesformygame,1
helios,1
spheroid,1
3dsphereraymarching,1
ternarysearch,1
evil,1
resident,1
unwrap,1
fancy,1
french,1
bobbing,1
apollonianiiv3,1
eyelord,1
quine,1
rainraymarching,1
ancienttemplev4,1
ro,1
spiraling,1
booleanops,1
p6mminversionresultattempt,1
coloredbar,1
smoker,1
rainbowtest,1
tunelv02,1
muster,1
hamming,1
spheretestfirstone,1
timeferrets,1
dfsgdfgsdfg,1
junk,1
wicker,1
muchtiny,1
verlet,1
correct,1
models,1
microfacet,1
lightpathtracing,1
sunbeam,1
clipcppnaineuralrenderingneuralartselfgeneratedbladerunnersydmead,1
wavepatterns,1
travelling,1
mollweide,1
peanuts,1
snoopy,1
charliebrown,1
happyholidays,1
greeting,1
sdfdfdf,1
osciloscoper2,1
squelch,1
speedshading,1
y0,1
notmine,1
pill,1
ascenseurmotionnel,1
pointpixelrondcircle,1
kimetsu,1
sunshiny,1
kelp,1
ghoul,1
deity,1
goddess,1
below,1
witch,1
sinline,1
bonus,1
int,1
fixpoint,1
base,1
stassert,1
studyind,1
chaosflux,1
sdfgsdfgsdfgsdf,1
cowee,1
spangled,1
lagrange,1
codebendeduvmaps,1
luminance,1
relativeluminance,1
dizzy27,1
distancearthalo,1
interleavedgradientnoise,1
metahole,1
moirepattern,1
lotus,1
noisecellworley,1
bicontinuous,1
manybluepoints,1
is,1
stylee,1
dj,1
perturbation,1
noisy,1
ungolf,1
dagda,1
animus,1
colorpicker,1
modgeometry,1
noimorphism,1
566,1
raycastglow,1
combination,1
equaliser,1
bangers,1
perpetual,1
dualtone,1
vonronoi,1
curvedbox,1
standart,1
bandeira,1
walt,1
curvilinear,1
maindemoparty,1
massilia,1
christian,1
artin,1
varou,1
terminator,1
yuiuiy,1
pom,1
steepparallaxmapping,1
grapher,1
hiehgtmap,1
sporadiclizard,1
wyvill,1
equilateral,1
raymarchingcsg,1
shiponmoon2d,1
bobby,1
phases,1
drawings,1
cfm,1
huaman,1
harmonograph,1
partitions,1
v0discs4glsl,1
die,1
rehiletes2d,1
anillotorrev1,1
eku,1
wisp,1
flowing,1
madness,1
ovnitest1,1
blunderbuss,1
100000,1
pins,1
4kintro,1
swipe,1
splatter,1
solarwind,1
spiralelogarithmique,1
fluidsolver,1
wavesnoise,1
lego,1
sstar,1
slovakiaflag,1
vermelho,1
postesluzv2,1
weightedaverage,1
toad,1
moonscape,1
jardinynubefalsav2,1
layering,1
gltf,1
huwb,1
tesellation,1
parametrized,1
wildlife,1
zoo,1
cephalopod,1
shortsize,1
tunneleffect,1
introtomoderngraphics,1
galacticnight,1
discofloor,1
tijit,1
photo,1
regularpolygon,1
bitshift,1
preetham,1
1dnoise,1
schottkygroups,1
entangled,1
entangling,1
gradientsample,1
barrel,1
smoldering,1
polder,1
rows,1
adapted,1
iris,1
pewdiepiepattern,1
brofist,1
postfx,1
levels,1
turcoaz,1
checkerbox,1
laggy,1
firstpost,1
wangtiling,1
spatialfilter,1
oceanwaves,1
strobeeffect,1
rich,1
sherashera,1
bhaskara,1
circlergb,1
gamemapchallenger,1
g,1
adfasdf,1
unfold,1
g2,1
gokuv2,1
klein,1
raymarchingtwistedsinecolumns,1
colorsplit,1
roundabout,1
indie,1
plasma2dfake3d,1
hi,1
sony,1
lehmer,1
hilbertspacefillingcurve,1
pathtracingnormals,1
squirmy,1
paris,1
igloo,1
volumemarching,1
station,1
cinematic,1
durandkerner,1
2dsin,1
circleraymarching,1
sfklasdlfklj,1
templov001,1
lipschitz,1
lerpsnake,1
connect,1
percolation,1
molecules,1
bonds,1
randomsampling,1
threstleraymarching1,1
smmooth,1
hiya,1
nightday,1
ddfsdfdf,1
chaikin,1
boaty,1
raymarchingantialiasingaa,1
feedback,1
phasor,1
studyraymarching,1
linearalgebrastuff,1
illuminationdemo,1
destruction,1
banksy,1
blip,1
vlslogo,1
piday,1
piday2021,1
yingandyang,1
cosinepalette,1
vault,1
borderlands,1
davidlynch,1
zjoint,1
suits,1
plexus,1
roundended,1
radiolarian,1
voronoipractice02,1
rayfbm,1
socconetracing,1
histogramm,1
hourglass,1
circ,1
xtreme,1
quadliteral,1
bauble,1
rail,1
watercaustics,1
asymmetry,1
2dgradient,1
microchip,1
diagonal,1
img,1
mengerspongeva004,1
energysphere,1
racing,1
halfplane,1
pathing,1
chasing,1
beto,1
4dimensional,1
redgiant,1
expansion,1
mainsequence,1
elevenpoint,1
shadowblend,1
colormouse,1
notags,1
eden,1
mandelbulbderivatev5,1
blockchain,1
consciousness,1
spiritual,1
mystic,1
isinside,1
cuartov9,1
spacesegmentation,1
mengerv5sdcylinder,1
frogvibes,1
planeintersection,1
70s,1
sonlux,1
gargoyle,1
guys,1
farbe,1
3ddistancefunctions,1
randomraymarchingtests,1
ateliermaths,1
curvedtrees,1
gogogo,1
imouse,1
liliilli,1
rainbowarrow,1
fabrics,1
threads,1
lineart,1
nrs,1
explanation,1
match,1
mindful,1
felipepantone,1
pbrt,1
glyph,1
mistborn,1
steelalphabet,1
holiday,1
refinement,1
nova18,1
sorryiq,1
imadeamess,1
proceduralterrain,1
tribute,1
scarf,1
sphericalclouds,1
traveller,1
tomb,1
bsp,1
prototile,1
projetgopl,1
waka,1
wave2d,1
transitions,1
akira,1
nightdrive,1
paratrooper,1
2dacolumnajf,1
pixmap,1
torii,1
kowloon,1
berserk,1
firstperson,1
multiprocess,1
voronoinoise,1
nearestcell,1
triangula,1
thine,1
rainbowline,1
vorono,1
humam,1
dem,1
colorseparation,1
bitangentnoise,1
clamping,1
mathdraw,1
volumetricnebula,1
soulstone,1
hard,1
raymandel,1
movingorb,1
quadmesh,1
brodom,1
submarinebinoculars,1
binoculars,1
foveated,1
inout,1
caldera,1
bezer,1
2linear,1
raymarchtest,1
temporalgabornoise,1
psudeo,1
warper,1
2drocket,1
original144720v2,1
otter,1
directionallight,1
shark,1
winking,1
rects,1
removingbanding,1
bayrak,1
trkbayra,1
gloopy,1
sounddisplay,1
sphube,1
cavalier,1
ashikhmin,1
clothshading,1
noisecolortexture,1
boredom,1
q,1
gothic,1
drawline,1
heyheyhey,1
stfu,1
dielectric,1
defocusblur,1
pixefire,1
pixelatedfire,1
softwhadows,1
osx,1
capsulatest1,1
eschertiling,1
spectrun,1
epic,1
advertisement,1
modeswitchfrom16,1
electrodynamics,1
onebit,1
wide,1
glslderivatives,1
findoffssincos,1
id3d,1
dlab,1
cutting,1
15,1
vrotex,1
lovely,1
ssdf,1
laplacian,1
disntancefield,1
testingraymarching,1
slixels,1
camfer,1
cabbibo,1
3dtunnel,1
barycentricinterpolation,1
spinninghappyaccident,1
scalable,1
nightcycle,1
trapezoid,1
isosceles,1
willstallchallege,1
doughnut,1
sets,1
3blue1brown,1
threeblueoneblrown,1
lightingstudy,1
terraingeneration,1
texturedspheres,1
raytracedance,1
proceduralfiltering,1
voronoicolor,1
boomboom,1
proceduralfractal,1
eazy,1
hillshading,1
bigchungus,1
parallex,1
tributetoow,1
ufofog,1
polkadots,1
httpswwwshadertoycommediaap94284d43be78f00eb6b298e6d78656a1b34e2b91b34940d02f1ca8b22310e8a0png,1
symesyme,1
electro,1
constellation,1
volumetricrendering,1
handdrawn,1
moiree,1
bwarf,1
interconnectedportalweb,1
multivariable,1
3dtexture,1
hyp,1
tize,1
evolving,1
zeichlicht,1
10,1
sickness,1
exoplanets,1
moons,1
unko,1
beveledgebox,1
apolloneanlike,1
worlynoise,1
2dee,1
decasteljau,1
tranlucent,1
paralax,1
messingaround,1
mercy,1
spaceplanet,1
justlearning,1
skyvolumetric,1
2dpointtrianglequad,1
glowfire,1
revision2021,1
codesnippets,1
revisionlogo,1
pregnant,1
povray,1
original271732,1
sidewalk,1
hopscotch,1
duplication,1
poulpy,1
battery,1
deco,1
nouveau,1
trivialknot,1
clebsch,1
negativelights,1
circleinversionfractal2d,1
hatifnats,1
chiral,1
halley,1
thunderstorm,1
colormath,1
exposure,1
vibrance,1
luminence,1
zoomer,1
selfsimilar,1
logspherical,1
modernart,1
hypnosiscircle,1
orbital,1
inkblot,1
cuernosv1,1
animal,1
gerdes,1
lusona,1
tchokwe,1
dotspatternbeer,1
deepzoom,1
demsoscene,1
nebular,1
mechanic,1
turbine,1
kalifractalcolors,1
ohgodmyeyes,1
oo,1
marshallislands,1
ring2d,1
being,1
disgusting,1
around,1
qua,1
martix,1
holomorphic,1
drawingcurve,1
lightbeam,1
rothko,1
timesuburi,1
functiongrapherbisection,1
practive,1
raytest,1
meditative,1
engine,1
wavelightwater,1
expensive,1
pcb,1
2l,1
hit,1
mousepressed,1
dendrite,1
glectricsheepelectric3,1
metatunnel,1
shadingpalette,1
deadpixel,1
stuckpixel,1
histogram,1
doyle,1
distanceestimate,1
normalization,1
twisty,1
3ds,1
homebrew,1
american,1
independence,1
fourthofjuly,1
sts9,1
experiment4,1
autotile,1
ruletile,1
cinashader,1
smoothlighting,1
herebdedragons,1
trapping,1
patternpractice,1
mousetacking,1
colorswitch,1
verticalflow,1
glectricsheep14,1
glectricsheep15,1
felicesfiestas,1
decima,1
realmadrid,1
badge,1
quadrangle,1
wwdc,1
scenekit,1
asddadssdfsdaf,1
reuleaux,1
statue,1
nefertiti,1
bust,1
lisp,1
dutchcolorscheme,1
sdfsdf,1
particleexperiment31,1
ffc,1
mandlebrotcrap,1
mine,1
shaft,1
cart,1
minecart,1
jake,1
bulmaby301z,1
threejs,1
tesselate,1
surfacenets,1
thinking,1
sushiraymarchcheap,1
decay,1
sierpinskitriangle,1
octopod,1
musicvis,1
2dsdf,1
tetration,1
forkedge,1
oldschoolamiga,1
furthest,1
fourroots,1
2dray,1
testdifcubos,1
implicits,1
cramer,1
mosiac,1
treel,1
reysentado,1
pintura,1
dibujo,1
gravitylensing,1
geode,1
truncatedcone,1
rainbownoise,1
moraine,1
colorfull,1
motherboard,1
snowy,1
voronoa,1
pyramids,1
sword,1
eventhorizon,1
apollonianiiv4,1
tuner,1
magiccircle,1
motiongraphic,1
20syl,1
texturepatternmath,1
elevation,1
sphereintersect,1
symetrical,1
volumetriccloud,1
balloons,1
starneon,1
egypt,1
fragmentarium,1
foo,1
dim,1
pixelate,1
gpmipmap,1
revolvingcircle,1
church,1
pane,1
panes,1
mosque,1
shattered,1
dynamicpainting,1
granturismo,1
nolook,1
sinecomb,1
trunacted,1
sinstudy,1
2dmandelbro,1
wobblyspherediffuse,1
poetry,1
demostyle,1
cellural,1
seawater,1
floatingpointnumberissue,1
002simplexfrag,1
glowgradientwavesimple,1
solorsystem,1
graphisme,1
shitvideoface,1
tundra,1
newtonsmethod,1
browser,1
webgl2,1
syntax,1
graphicscard,1
fractspheres,1
magnifying,1
juliabulb,1
circlefitting,1
raysshader,1
roundedrectangle,1
bd202009,1
highlighter,1
scepter,1
jump,1
andriod,1
mrdiv,1
treespiraling,1
kalisetraymarch,1
1111,1
lch,1
dotgrid,1
procerural,1
yiq,1
calendar,1
schrodinger,1
matrices,1
4dcube,1
perfecttreespiral,1
juliaquaternion,1
lam,1
julla,1
wraparound,1
imagetransition,1
60,1
steam,1
shadron,1
goldraytracesinusnormal,1
egp200,1
qudratic,1
audioresponsive,1
meditaion,1
fractalbrownianmotion,1
mipmap,1
glectricsheepelectric2,1
404,1
proceduralraymarchblob,1
wobbles,1
starline,1
phone,1
cable,1
bangbangcon,1
btree,1
cine,1
glitchcircle,1
patternsnoise,1
enchanced,1
afadfadf,1
quaterinion,1
phongspecular,1
celltile,1
runningman,1
asfdasf,1
rayintersection,1
lissajou,1
telescope,1
dd,1
fading,1
tennis,1
cookiecollective,1
triamgle,1
jet,1
gargantua,1
raymarchingbasics,1
raytacing,1
skymap,1
keftales,1
ellipserectstroke,1
studymodelingbyraymarching,1
headache001,1
boring,1
superpimm,1
pointer,1
poultry,1
dairy,1
puns,1
psychedelicsinewavefractalinterfereancepatternzoom,1
2disolineav1,1
loz,1
eyebrow,1
newfag,1
3dtest,1
dial,1
betteruvmapping,1
etiquette,1
lightdanceeas,1
formations,1
wipe,1
orannayarr,1
fractalmengersponge,1
differen,1
build,1
spacex,1
starship,1
pixellated,1
circlerect,1
viz3dmusicfft,1
trinoise,1
gin,1
distant,1
relief,1
viphead,1
flightoverdunes,1
style5,1
jzyx,1
korean,1
sineline,1
rainpractice1,1
submission,1
woop,1
hollow,1
asimplestripe,1
healthbar,1
carpaint,1
fractalhybrid,1
ttf,1
gam0022,1
microscope,1
hangover,1
complexpolynomials,1
logarithmiczoom,1
camerasimulation,1
fluids,1
chamfer,1
chamfered,1
conservativemarch,1
tdf2018,1
traffic,1
studyon3dperlinnoise,1
drawinglevellinesonamap,1
fuzzyscratchesmask,1
birdinacage,1
mandelbulbraymarch,1
juliacrap,1
radiance01,1
screenfold,1
circumcircle,1
circumscribe,1
3point,1
grassbox,1
snowviking,1
macedonian,1
glectricsheep16,1
tooth,1
crossfadetransition,1
raymarchingfun,1
scope,1
mad,1
gum,1
bubblegum,1
shore,1
arabesque,1
albumcover,1
stevenwilson,1
theraventhatrefusedtosing,1
roation,1
chromophore,1
easycode,1
reflecting,1
threedimensional,1
brains,1
quickdirty,1
polat,1
sinsinecosinversion,1
3dproyection,1
cheburello,1
tboss,1
mcpe,1
gradientmarch,1
squash,1
roundedrectangles,1
rotatingpetals,1
transpose,1
discolights,1
lorenz,1
vidjing,1
transformations,1
rasterbars,1
merging,1
noisetexture,1
spiraltree,1
opsdf,1
beetroot,1
sine2dcolors,1
perin,1
wireneting,1
conicsections,1
taxicap,1
shpere,1
intersections,1
syringe,1
woozle,1
start,1
preset,1
toolbox,1
crescent,1
forkpersiancarpet18jfv2,1
sdcylindersponge,1
disortion,1
public,1
watery,1
kink,1
phenomena,1
1991,1
unitsquare,1
cubictruchet,1
finitedifferences,1
cfera,1
ominous,1
hackerspaces,1
suminagashi,1
vdj,1
descartes,1
barth,1
estimation,1
aqua,1
gorge,1
opal,1
siggraph2015,1
elecfieldline,1
eco,1
prettygud,1
renaissance,1
oldgame,1
raymrchingspherecoordinates,1
breadthfirst,1
nedi,1
tennisball,1
soul,1
vogel2,1
killedbyapixel,1
fluxos,1
basicshape,1
colorblind,1
protan,1
protans,1
protoss,1
rdb,1
enchroma,1
bouncingparticles,1
zerofinder,1
endrass,1
hotandcold,1
lsn,1
starburst,1
colorsandshapes,1
cyberspace,1
irradiance,1
fractial,1
testest,1
metaballsjonix,1
cyclicnoise,1
ethereum,1
dfgdfgdfg,1
oldstylevga,1
replicate,1
absurd,1
cinema,1
kino,1
dasdas,1
turnaround,1
fakereflection,1
yup,1
index,1
basicraymarching,1
singlepass,1
blitter,1
instance,1
vec3,1
pietmondrian,1
fratcal,1
sdlines,1
cmy,1
spiked,1
peak,1
warbler,1
terrainsnowgrass,1
2dvoxeltraversaltraverse,1
striped,1
drawing2d,1
newtons,1
edo,1
kiriko,1
omg,1
gridparticles,1
zeldainspiration,1
cooleffect,1
clifford,1
biomorph,1
july,1
1989,1
scientificamerican,1
5th,1
581,1
s3,1
seifert,1
copperbars,1
fuzzysets,1
metalrain,1
streamfunction,1
nausea,1
combiningsdfs,1
sdfmorphing,1
ducks,1
guts,1
fractalzeta,1
diffract,1
tangentspace,1
vs,1
qualitytime,1
christmastreelightssnow,1
trianglesiguess,1
loveheart,1
ouroboros,1
smoothnoise,1
nixie,1
obfuscation,1
rick,1
rickandmorty,1
pickle,1
shining,1
kryptonite,1
ico,1
dode,1
mandelbulbderivatev7,1
usingpolarcoordinates,1
diablo,1
paniq,1
continuous,1
derivate,1
planeray,1
chakra,1
aoeu,1
domainmanipulation,1
3dearth,1
gained,1
glslbug,1
safari,1
linesexclusioninclusion,1
coxeter,1
ze,1
sl,1
marchingtetrahedra,1
mengerspongeva003,1
planetes,1
aligned,1
aab,1
ljx,1
demosceneeffect2d,1
normalmaps,1
mengerspongeinverso,1
enigmatic,1
delights,1
caleidoscope,1
2dcaleidoscope,1
popupthevolymejoojoo,1
mengerv4sdcylinder,1
tunelgearv1,1
bouncy,1
ohsoyoucouldbeacanineandthenyoucouldbeanoncanine,1
radiance03,1
bookfofshaders,1
osciloscoper1,1
nirvana2,1
mutantshit,1
witharms,1
corner,1
homography,1
thebookofshaders,1
mishap,1
primeracruz,1
metabals,1
tdfmonacoinchan,1
punk,1
standing,1
blot,1
blotting,1
generatedcode,1
hypnotising,1
fires,1
cd,1
cuartov10,1
relection,1
tunelv4,1
amoebafluidfusionsmooth,1
funkycircles,1
warpspiral,1
newyear,1
2dbitfighter,1
shaderglsl,1
sphereraymarched,1
rainbowfractal,1
drunk,1
shader2d,1
earthship2d,1
slugs,1
turn,1
peel,1
camo,1
camoflauge,1
colores,1
rotatebeam,1
glectricsheep13,1
fastcompo,1
tardis,1
movetile,1
rabbit,1
newshader,1
puzzlezzle,1
v3gradnoise3glsl,1
spiralmusic,1
aeroplane,1
experimentation,1
smileyface,1
asdfadf,1
shaderloadingicon,1
bioshock,1
fractalsmerityspin,1
scherk,1
minimalsurfaces,1
3dpills,1
laplacesobelfilter,1
discard,1
neonwave,1
atmosphericscattering,1
wiz,1
waterripples,1
colorsrampbspline,1
surfaceimplicite,1
sensoryoverload,1
pseudofractal,1
fromtutorial,1
distortionnoise,1
dyadic,1
reinhard,1
simplistic,1
visualeffect,1
texturemultiplier,1
new,1
virtual,1
vikingsnow,1
shadowpooleas,1
milky,1
mixture,1
flares,1
nsided,1
linerendering,1
proyection,1
hipercube,1
spheretraching,1
virii,1
galacticcorridors2,1
album,1
tameimpala,1
currents,1
fractalexperiment3,1
starsmilkywayheaven,1
2dbasicblocks,1
method,1
autumn,1
smileyanimation,1
jamaica,1
christmasshader,1
cameraray,1
projectionmatrix,1
interstellar,1
infinte,1
asdfasfds,1
soap,1
load,1
indicator,1
writing,1
aobench,1
caferaymarchexperiment2,1
falloff,1
sparse,1
paramejorarv1,1
flask,1
noshader,1
justshader,1
juliashorizon,1
explorer,1
organization13,1
kingdomhearts,1
bytepatten2,1
raymarchambientocclusion,1
generativeanimation,1
controlpolygon,1
jamiewongtutorial,1
jagged,1
negabrot,1
faux3d,1
2dsunandhills,1
plasmaesferav1,1
murmur,1
bees,1
radiosity,1
crepusculariy,1
lightshape,1
softshaddow,1
lightsdf,1
zef,1
prisme,1
tjd05,1
raymsplitscreen,1
blendmode,1
gimp,1
amateur,1
mfdgsdjkhslsdfghjkgdfhk,1
perspectivesmokesphere,1
newb,1
sinfunction,1
creamsicle,1
channel,1
workinprogress,1
strata,1
forests,1
proton,1
worleynoise,1
polyline,1
dla,1
raymarchingoperator,1
babel,1
cuartoescalerav1,1
aabbs,1
pinch,1
collab,1
weight,1
2dlight,1
lissajouscurves,1
radialfireisolated,1
alphablending,1
logspace,1
thorns,1
timetravel,1
spacetravel,1
taa,1
highrefresh,1
hughes,1
seaplane,1
sparsegrid,1
clean,1
yy,1
mexicanword,1
paraboloid,1
warpingflower,1
bulb,1
strip,1
scifiraymarching,1
panda,1
ballz,1
finallycorrect,1
bang,1
zachlieberman,1
confocal,1
hybridfractal,1
combined,1
geoemetry,1
lineantpath,1
cuartochicocolorv2ii,1
shadowraymarchin,1
freecodecamp,1
eased,1
shadertoylab,1
fractalsmandelbrot,1
sandbox2,1
future,1
uvplay,1
colortrick,1
emote,1
emotion,1
emoticons,1
smilies,1
skeptical,1
concerned,1
suspicious,1
jakowlew,1
fixwebgl20error,1
psx,1
conostest,1
soundvisualization,1
bamboo,1
debugging,1
spiralspheres,1
2dwater,1
ndp2020beenox,1
lifeforms,1
inventingacolor,1
husl,1
hsluv,1
walle,1
eletric,1
v3discs4glsl,1
cis566,1
raymarcherraymarcherdistancefieldfunction,1
razer,1
squishy,1
cubucious,1
18,1
patern,1
spherize,1
remake,1
aesthetics,1
windows95,1
win95,1
synthwaveneoncppnclipneuralnetnerualrenderingnftnftartneuralgeneration,1
varonoi,1
shaydertiy,1
lineofsight,1
3dimplicitelearning,1
nvidia,1
cuda,1
mdmtjvm,1
topdown,1
sinepuke,1
raymacher,1
bokehs,1
raspberry,1
console,1
logger,1
logging,1
deterministic,1
pure,1
waveband,1
death,1
gloomy,1
desolate,1
reaper,1
gallow,1
supergokuv3,1
fireflies,1
finger,1
rasters,1
datavis,1
13,1
signeddistancefunctions,1
distancemarch,1
bay,1
singlescattering,1
closedform,1
forfine2d,1
pusheen,1
cylinders,1
and,1
embers,1
ashes,1
accident,1
4draymarchingtesseractdistortion,1
peace,1
treaty,1
signeddistancefunction,1
gamemakerstudioshader,1
chainmail,1
transparencyraymarching,1
learningripple,1
coiled,1
toilet,1
gridmarch,1
koosh,1
3folded,1
oneline,1
noisewarping,1
21,1
2017,1
august,1
interestellar,1
informer,1
raymarchingsdf,1
rorchach,1
roshach,1
rorschash,1
wooble,1
tunelcirculov01,1
redfangmusicvideo,1
tronlegacy,1
france,1
tricoleur,1
extrapolation,1
giles,1
fakephysics,1
eknapik,1
cubelabyrinthmodv1,1
interlace,1
epsilon,1
epsilondynamiceps,1
dynamicepsilon,1
dynamiciterations,1
bolume,1
aliensurface,1
enchanted,1
heroku,1
artdov,1
archimed,1
gamedev,1
mipumi,1
muscle,1
muscular,1
httpswwwjusthemporg,1
fruitmachine,1
treelogarithmicpolarinfinite,1
relaxsculpturdee909,1
alloq,1
shapepractice01,1
asm,1
assembler,1
directx,1
silly,1
fakeshaded,1
potato,1
disneybrdf,1
12344321,1
falopa,1
pixelization,1
kaleidescopesquircle,1
descompuestoapollonianv1,1
fontlxs,1
blobraymarch,1
gonewrong,1
delicious,1
trek,1
deepsea,1
booba,1
cubeanimev4,1
stepped,1
shapingfunctions,1
camra,1
reprojection,1
vanishingpoint,1
apollo,1
noisewarpingproceduralorganic,1
doityourself,1
caferaytracing,1
arctangent,1
lag,1
flyover,1
chair,1
tender,1
plotus,1
textureshadow,1
r,1
mengertunnelv2joke,1
breathe,1
stochastic,1
edu,1
branchfree,1
trumbore,1
moller,1
dying,1
toast,1
fractals2dapollo,1
moo,1
pbrsdf,1
carousel,1
complexityreduction,1
0x9e3779b1,1
ar,1
caminodistorcionv1,1
mathsfixedpointminimalistblackandwhiteiteration,1
sfx,1
segmented,1
raytracebk,1
mercurydisplay,1
greatings,1
houses,1
pinksky,1
orennayar,1
warpedfbm,1
gnomes,1
lands,1
tip,1
raymarchingsdfglsl,1
magnectic,1
pointing,1
eyeeye,1
pc,1
recurrence,1
delta,1
mezmerize,1
moirpattern,1
synth,1
system96,1
lucyindisguise,1
kanye,1
chase,1
lean,1
trade,1
meander,1
skysimulation,1
monumentvalley,1
popart,1
screenprint,1
screenprinting,1
cuberaymarching,1
chladnisimulation,1
shadertoyvr,1
conetracer,1
sumofsines,1
raymarchshadow,1
chkrs,1
beesandbombs,1
tformulae,1
britneywarp,1
glome,1
noisecolorful2d,1
typography,1
permutations,1
kith,1
anim,1
rules,1
invertible,1
tp,1
burningman,1
dali,1
mustache,1
gamepad,1
neighbour,1
domainrep,1
hashnoise,1
gird,1
nexus7,1
mountainbike,1
paramejorarv2,1
icebreak,1
glectricsheepelectric4fractalflames,1
spheretracingtestmod2,1
wavesineline,1
seed,1
raymarchifs,1
agate,1
eggcartesianovalellipse,1
marbrevein,1
attractors,1
gl,1
forke709570,1
stellated,1
arch,1
glslmaths,1
nean,1
fate,1
coc,1
detection,1
hardshadows,1
astroid,1
involute,1
fpm,1
handgun,1
flowcolor,1
tweak,1
twang,1
bicapsule,1
circlegrid01,1
forloopsea,1
footprint,1
accurate,1
256colors,1
vga,1
nostalgia,1
uvdistortionprocedural,1
noobshaderblobs,1
rigging,1
meter,1
discontinuous,1
spaceinvaders,1
register,1
vm,1
hsb2rgb,1
coordinatesystem,1
fractalcomplexv5,1
kochsnowflake,1
musicvisualisation,1
newtonrhapson,1
khanacademy,1
fbmwarp,1
noisecathodiquecrt,1
frustrumculling,1
packedspheres,1
spherepacking,1
metashapes,1
mushrooms,1
skypreetham,1
raymortographic,1
veach,1
frattali,1
neighbours,1
alienflowerblob,1
herringbone,1
cellsvoronoi,1
portland,1
indiegames,1
dila,1
free,1
feel,1
secret,1
society,1
qmc,1
diver,1
jenseninterceptor,1
blobb,1
emergent,1
raymdonutsinfinite,1
t01,1
vietnam,1
gradientlinear,1
pluto,1
venus,1
neptune,1
platine,1
britneyabstract,1
descent,1
epicycloid,1
geometryblending,1
mug,1
homeomorphism,1
knitting,1
fixedpoints,1
tux,1
moveincircle,1
truck,1
tesla,1
barycentriccoordinatestriangle,1
boise,1
paw,1
mirrorsandrotations,1
symplectic,1
headacheinducing,1
2dshadow,1
general,1
279251,1
blop,1
creation,1
nubeyfuegoplasma,1
objects,1
cursor,1
cyclical,1
bottle,1
lightingraytracing,1
marmotte2,1
powerpuff,1
test111,1
kreismithalbrumen,1
blender,1
ihavenoideawhatiamdoing,1
fingerbob,1
ants,1
selector,1
construccionv1,1
lazyrandomness,1
diffusa,1
volumetricy,1
smoothunion,1
2dcircle,1
particules,1
3dperlinnoise,1
ichannel,1
hw3,1
skysphere,1
waterripplejonix,1
alloy,1
squiggles,1
cymk,1
nosleep,1
3am,1
low,1
agradientthingy,1
colorsfbm,1
particlesystem,1
2ddemoscrolltext,1
mandelbulbderivatemod2,1
vorley,1
onda,1
scribbles,1
simplest,1
vrresolveshader,1
caminootrov1,1
backgroundwebsite,1
wormwithwhite,1
satellite,1
giftbox,1
10patterns,1
polarradar,1
hypnose,1
pleinvrees,1
operators,1
youpi,1
iqmusicpirates,1
metaholeexperiment,1
colorspectrum,1
interlocking,1
curvemarch,1
electrogel14,1
particlesgenerativ,1
fieldofspace,1
socolar,1
concave,1
condensation,1
distancebased,1
cuartov10v3broma,1
mieandrayleigh,1
fractalexperiment2,1
tractrix,1
pursuit,1
rasterize,1
proceduraltechniques,1
brutalist,1
modernist,1
kindof,1
flipquad,1
buggy,1
armillary,1
rainbowmercury,1
blinking,1
schottkygroup,1
pouet,1
isinf,1
ripplesgrid,1
delphi,1
nurbs,1
regression,1
orbits,1
drugd,1
flakes,1
megacity,1
smog,1
heartrainbowtunnel,1
noisefbmwarping,1
equiangular,1
1995,1
mfx,1
kewlers,1
topography,1
surfaceofrevolution,1
phonghomework,1
ballshape,1
dft,1
function2019,1
friend,1
musicvisualization,1
luminescent,1
vectorart,1
shapingexcerises,1
timepinkfloyd,1
dalt,1
comeup,1
somefx,1
johnnycastaway,1
mandelbrotfractalpickover,1
33,1
bis,1
dfferential,1
banana,1
peanut,1
butter,1
splats,1
parametericsurface,1
health,1
ligthbeams,1
liminal,1
artofcodetutorial,1
cloudsmarbleplanet,1
dungeon,1
mint,1
minty,1
fresh,1
connorbell,1
macbooktall,1
teach,1
spiralthingedit,1
speckle,1
colorflattening,1
soundbars,1
skyroad,1
improvedbasicclockwisesquare,1
lgbtq,1
lesbian,1
bush,1
stems,1
horticulture,1
shepherd,1
tazon,1
russia,1
defocus,1
ovnin2test,1
complexes,1
spherewithsimplelight,1
python,1
fans,1
kira,1
daylightcycle,1
starnest,1
raymarchcube,1
clothoids,1
kochcurve,1
raymarchterrain,1
moco,1
penumbrashadow,1
corrosion,1
terrainraymatchingvaluenoise,1
anotheranothermobius,1
dithered,1
average,1
logoprocedural,1
screentunes,1
capacitor,1
singledouble,1
relativescale,1
flopsgalore,1
neutronnebula,1
deon,1
selftraining,1
taxicab,1
shepardscale,1
shepard,1
myocdhatesthis,1
passingsinewave,1
strings,1
cours,1
bee,1
foggy,1
inversesphericalfibonacci,1
proper,1
charge,1
30minutes,1
codebendedshaders,1
folds,1
drapes,1
eyebender,1
romanesco,1
coolstuff,1
soup,1
matrixrain,1
druuuuuuuugs,1
ellipsis,1
ypbpr,1
yccbccrc,1
ycocg,1
ycgco,1
complexwaves,1
acesaces,1
planemarching,1
spheremarchingcsg,1
horseshoe,1
noisr,1
mutecity,1
gackt,1
juggler,1
arches,1
2dlandscapev2,1
stacking,1
react,1
boxy,1
colorpalettes,1
colortheorem,1
xyz,1
wavelength,1
v32dcloudsea,1
toplight,1
wavecompression,1
collapsedbaryoncompression,1
openspace,1
flowerspiral,1
spread,1
tripcolors,1
raymarchray,1
robin,1
robobo,1
jodie,1
beziers,1
badfps,1
3dspace,1
spacebending,1
tuto4,1
tulip,1
morphingobjects,1
proceudual,1
lave,1
jello,1
word,1
characters,1
vic20,1
matrix2,1
progressive,1
notserious,1
clockwork,1
taylor,1
cellularactivities,1
edgerendering,1
volcanolava2d,1
elevator,1
quadrupleprecision,1
waterpaint,1
anisotropy,1
magfest18,1
graycode,1
lipschitzismybitchshitz,1
sh17c,1
assignmebts,1
tunelcuartov1,1
fractalflamev2,1
india,1
indian,1
giant,1
alternative,1
approach,1
sinewavepattern,1
hypnagogia,1
3dlsys,1
motionblurr,1
radialsinusoid,1
paredv2,1
soundviz,1
dwdwd,1
polarwarping,1
webglx,1
global,1
failtunelluzn2,1
cook,1
torrance,1
cafejuliafun,1
resolutionvsantialiasingvsmotion,1
fixed,1
floatingsandboxwater,1
equispaced,1
raytracingballs,1
erroneous,1
mickeymouse,1
pasillov1,1
asdasd,1
raymarchingstone,1
raymarchv4,1
wonky,1
intersectiondemonstration,1
mandelbrother,1
traveler2bykaneta,1
bluflame,1
reflected,1
puke,1
copypasterfavourites,1
yingyangfractalkifs,1
mc,1
pole,1
esher,1
confused,1
stereogram,1
beachball,1
carve,1
spinoff,1
pappus,1
metacube,1
metapolygon,1
iwc,1
keplerorbit,1
pmodmirror,1
transflect,1
isometrie,1
glide,1
humanity,1
takashi,1
murakami,1
youtube,1
beginners,1
bg,1
metalball,1
planecuadrado,1
gotg,1
pratice,1
cloudsv2,1
opera,1
lavaplanet,1
polaire,1
mudlord,1
universesynthesizer,1
atomiccompression,1
lsdjflsj,1
basiclearn,1
fishing,1
crossbox,1
tunelcuadrov3,1
linearregression,1
boxrotatequaternion,1
leastsquare,1
ecolocationsimulation,1
ordering,1
sigil,1
magick,1
pancake,1
shadershop,1
cuboconsponge,1
dynamicfractal,1
cones,1
postpro,1
deptherror,1
colorsport,1
pun,1
modern,1
raymarchingdesertsandskysceneinfinite,1
zoomingforever,1
testpolygon,1
alphabet,1
oijsdofjo,1
ruled,1
rsandom,1
cuentame,1
kitchen,1
soothing,1
fakedelaunay,1
threstleraymarching2,1
omnesvita,1
anothermobius,1
practise,1
hairynoise,1
hairy,1
steamedhams,1
drag,1
village,1
vnoisesimple,1
exam,1
paintergenerative,1
augen,1
qqq,1
coalescence,1
orchard,1
abstractorchard,1
framebuffer,1
colorflow,1
mods,1
marcing,1
fouriertransform,1
cage,1
automn,1
elf,1
lutin,1
leprechaun,1
argh,1
modifiedgravity,1
pulsatingcheckerpattern,1
electrocardiogram,1
cis565,1
mengerspongeva005,1
lightcircles,1
overgrown,1
bode,1
placementmapping,1
sprialmovebabyversion,1
mean,1
pell,1
cups,1
aku,1
hana,1
centaur,1
raytracingcharacters,1
colorfulshader,1
conchoid,1
ac3t1ne,1
scroller,1
terrainmarching,1
timewardeffect,1
angular,1
equi,1
tunnelthingy,1
circlegraph,1
johnswoodgrain,1
cruzv3,1
31,1
ulysses,1
gravityfield,1
bumpy,1
flatshading,1
metaquad,1
who,1
george,1
slit,1
coke,1
punkmx,1
pulsars,1
597510,1
mandelballs,1
candycane,1
musicsynth,1
nonprimitivebravaislattice,1
minecraftraytracing,1
yinandyang,1
additive,1
vertex,1
toroid,1
morninglight,1
idontknow,1
primarycolours,1
notactuallyaball,1
squarez,1
themagiccube,1
mixing,1
thor,1
magnetismilogo,1
3dlighting,1
shaderequation,1
sunreflection,1
gamecube,1
net,1
pgatrcelularworleyvoronoi,1
learningshader,1
lightbounce,1
artefacts,1
randomize,1
north,1
raymarchingfractalarchitecture,1
reallyunoptimized,1
cappedparabolasegment,1
moomins,1
helicoidalhelixshrink,1
lensdistortion,1
hearsurface,1
sdfgsdfg,1
marchingsquares,1
robocop,1
increaseitrforabettergraph,1
demolearningbasics,1
rocketbean,1
fluidflow,1
analyticalsolution,1
megawave,1
differencesdf,1
gdp1,1
clooouds,1
ken,1
burns,1
superawesomeifs,1
circleorbit,1
nosin,1
nocos,1
nodot,1
sierpinskifractalfirstproject,1
raymarchingwhiterose,1
capsulesponge,1
dirichlet,1
constrast,1
astronaut,1
fulldome,1
rotatingcube,1
trianglepattern,1
cellmap,1
sandspongeerosion,1
stretchy,1
hodograph,1
cardan,1
slicing,1
dotcolorcircleabstract,1
partialderivative,1
original207316,1
algebraiccurves,1
additivemixing,1
albers,1
twistcontinuity,1
lesson,1
rainbowspiral,1
elle,1
add,1
staircase,1
perfectflower,1
testofbleedingcolor,1
doom,1
constantic,1
translated,1
rabbithole,1
particules2d,1
onepass,1
ghosts,1
flipping,1
breakdance,1
feathers,1
riemannsphere,1
fractalde,1
vogal,1
kagamimochi,1
turret,1
activated,1
thereyouare,1
hellooo,1
dropthebass,1
multi,1
blah,1
cracktro,1
candybar,1
inception,1
tpdf,1
p,1
6d,1
gravy,1
highdimensional,1
spidron,1
osc,1
cuartochiquito,1
concertligthsnoise,1
beautiful,1
misc,1
warpexperiment3,1
headpain,1
cloudshader,1
rainbowsinwave,1
request,1
recursvelayers,1
hashcolor,1
linkinpark,1
radialfunction,1
chesterbennington,1
escherlike,1
jade,1
raytracingmouse3d,1
kusama,1
env,1
handcrafted,1
hippo,1
whittedshadows,1
filtre,1
belgium,1
belgique,1
belgie,1
blinnphonglighting,1
leonv1,1
tapping,1
62,1
greenscreentesting,1
pathtracerwithdi,1
laserbeam,1
trench,1
shapegrammar,1
raymarchingsubtraction,1
3dvoronoi,1
kinematic,1
paternosta,1
panzer,1
slinky,1
euclideanrythm,1
paramettrization,1
preethamskyprojected,1
2dparticles,1
duff,1
pushing,1
pulling,1
raymdonuts,1
sledding,1
shadersundays,1
partyhard,1
symetry,1
port,1
kodelife,1
raymarchsimpletutorial,1
circlecolorsinsmoothspades,1
3sphere,1
groovy,1
triacontahedron,1
raytracingfractalmetallicalien,1
eventhorizonsingularityrbbs,1
drwho,1
timecoordinates,1
cospalette,1
level,1
hazard,1
nuclai15,1
masking,1
ellipticcurve,1
xorshifthashrand,1
beep,1
boop,1
trashtrashscifi,1
doubledare,1
barandaltest1,1
reutersvard,1
rustgpu,1
zbuffer,1
fftstrings,1
in4k,1
19,1
quickndirty,1
111,1
octonions,1
inaccurate,1
toriigate,1
test02,1
testest222,1
xbox,1
musiccolor,1
nyquist,1
shannon,1
sdfgeometry,1
keyhole,1
jaulav1,1
newfractal,1
sdf2dpattern,1
53,1
in10line,1
galacticcorridors,1
raymarchplanet,1
noobish,1
thoughtexperiment,1
watertriangles,1
interferencepatterns,1
sinecosine,1
sceneradio,1
irrotational,1
flowfield,1
curlfree,1
control,1
shrine,1
contraception,1
unicorn,1
russellbeat,1
inventing,1
raytracking,1
hexagaons,1
zcurve,1
mortoncode,1
win,1
uzdevums4,1
shirt,1
datastructure,1
whywouldyoudothat,1
woofer,1
ooooo,1
radialsymmetrydots,1
protanopia,1
deuteranopia,1
tritanopia,1
lms,1
protanomaly,1
deuteranomaly,1
tritanomaly,1
simulated,1
maplestory,1
sort,1
median,1
infiniteabberationrecursion,1
hough,1
artwork,1
kokeilu,1
castingballswave,1
hls,1
shortest,1
hexatiling,1
crossvectorproduct,1
mandalaartofcode,1
beatwave,1
vertexplacement,1
meshing,1
zau,1
jumpingtiles,1
2dspiral,1
awful,1
fbdxf,1
flex,1
accordion,1
concertina,1
firefly,1
3dballsfuse,1
sled,1
rocketplume,1
refractionspheretest,1
melter,1
movingcircle,1
hash24,1
ranbowlinetranslate,1
wavs,1
opartwip,1
lightnoise,1
iterate,1
raymarchv5camara,1
bizr,1
starscape,1
planeprojection,1
anotherifs,1
schematic,1
atmoshpere,1
timing,1
tendrils,1
calamity,1
vibrant,1
thisonelookslikeawheel,1
blenddifferrentcolor,1
uff,1
flypointtest,1
icecream,1
pixelized,1
loadingcircle,1
patrik,1
raymarchingsushi,1
bed,1
sleeping,1
joint,1
midtems,1
606120,1
computer,1
ezine,1
bulgarian,1
amigaball,1
walkcycle,1
footsteps,1
cineshadermengerspongeraymarching,1
colorswirl,1
krypto,1
raytracingbrdfplanarlight,1
skateboard,1
3dfractal,1
shroom,1
po,1
country,1
globalillumination,1
pointbased,1
surfel,1
branchlessed,1
cull,1
royal,1
clipcppnmatrixtrinitydodgethisaigeneratedcodeneuralrendering,1
sdfsample,1
asmr,1
calming,1
sketech,1
specularhighlights,1
timecurve,1
asdfasfasdf,1
denim,1
jorts,1
seg,1
sixteen,1
volumetricconstantdensity,1
starfox,1
orennayardiffuse,1
numb,1
siggraph2014,1
cohomology,1
persistence,1
basedonotherscreation,1
lousy,1
conjecture,1
smileyfaces,1
hessian,1
shafts,1
desertbus,1
mandalay,1
style4,1
treat,1
throughcolor,1
dotcolorcircle,1
implicitfunction,1
gradiantperlin,1
naruto,1
blobbymodel,1
edm,1
505,1
atialiasing,1
japaneseclipping,1
frosted,1
quadranglerotation,1
paintmouseinteraction,1
bb8,1
tinycode,1
238,1
mandelboxfft2d,1
williamturner,1
trans,1
europe,1
express,1
icy,1
idontdodrugs,1
wuerfel,1
quader,1
wannabebox,1
cracked,1
acos,1
smothstep,1
trivision,1
gadient,1
curvatureaverage,1
collapse,1
trains,1
camtimer,1
quilt,1
merrychristmas,1
ssao,1
fixedpoint,1
softjoin,1
elastic,1
awfulgraphicsfrom2014,1
tunnelbeauty6,1
trifoce,1
blinnphongspecularity,1
trigonometricfunctions,1
sinetree,1
antoine,1
sobel,1
planck,1
epslon,1
irrational,1
eurotunnel,1
rotationmodulomouseclick,1
tdf2015,1
5487,1
sinusode,1
qloc,1
raytracing3d,1
funnel,1
attracting,1
absorbing,1
trignometry,1
2dspmurhahmhkki,1
poi,1
3dslice,1
duckstazy,1
supermeatboy,1
lavalampshader,1
cowboy,1
bebop,1
simplex3d,1
gbc,1
generalisedbarycentriccoordinates,1
parametrisation,1
kisrhombille,1
reptile,1
pool,1
concert,1
lp,1
rotategoku,1
1bit,1
ch1,1
megadrive,1
mesheffect,1
sdftomesh,1
powers,1
fastnoisev3,1
buffer,1
approximate,1
unpack,1
diff,1
flaot,1
halffloat,1
ellipctic,1
bitcoin,1
secp256k1,1
driopodathon,1
resolve,1
thron,1
gyroidraymarching,1
lighttest,1
spinners,1
fpi,1
lively,1
distancetracing,1
semi,1
lullababy,1
tmm88,1
juggernaut,1
hurdur,1
comet,1
moom,1
period,1
ranges,1
dodecagon,1
cheapbox,1
wor,1
loopit,1
willster,1
fix,1
v1,1
p3,1
twigl,1
firsttrywithanaccount,1
v3wavesglsl,1
scratches,1
intestines,1
shaderbasis,1
threesines,1
v3zebraglsl,1
lithuania,1
schwarz,1
iterativefunction,1
stellar,1
philox,1
chuunibyou,1
horn,1
dcss,1
happyaccident,1
ajax,1
strandbeest,1
module,1
mousemetaball,1
dirty,1
titlescreen,1
stonesbymev1,1
chevron,1
netscape,1
chirstmas,1
pathtrace,1
swirling,1
brushedmetal,1
simmetrylinearvariant,1
killme,1
flipdots,1
j,1
k,1
hlkjh,1
functionssmooth,1
trisect,1
bitlogic,1
menu,1
xbm,1
exploringcolor,1
geovis,1
platecarre,1
rhumbs,1
knots,1
well,1
dennisreynolds,1
hcr,1
hillclimbracing,1
kindersurprise,1
easteregg,1
kissingschottky,1
taoc,1
mf,1
periodicboundaryconditions,1
pbc,1
menge,1
marloninfiniteshader,1
fir,1
2dgraphic,1
mountainmaze,1
shitcode,1
lewiz,1
softbodyphysics,1
comma,1
coeur,1
settlement,1
tryanderrorthxtovirgillforthetune,1
spot,1
boxintersectionwithcamrea,1
exponentiation,1
dwdwq,1
noobpower,1
poison,1
arcomandelspongev0,1
suzanne,1
ping,1
foundations,1
dancefloor,1
heartbeet,1
ekg,1
proofofconcept,1
fullofscreen,1
sunsea,1
flatsine,1
nimportequoi,1
lamps,1
channels,1
shifted,1
sunsetpallete,1
descompuestoapollonianv5,1
apitest,1
sawtoothwave,1
merge,1
plateau,1
moustache,1
ibl,1
fullmoon,1
lechugafeliz,1
glslify,1
videotransition,1
act6,1
style2,1
snippets,1
original323601,1
fffff,1
undulating,1
tween,1
bumb,1
gridlines,1
fastergalaxies,1
peculiar,1
coverage,1
420,1
poof,1
softedge,1
khronos,1
stereo,1
ellipsoide,1
relfections,1
xrepeat,1
oddtiles,1
odd,1
280chars,1
uglyhacks,1
fitsinatweet,1
failtunelluzn1,1
knightlore,1
zxspectrum,1
eleven,1
roundedcubes,1
uvwarp,1
glectricsheepelectric,1
s11,1
comples,1
28,1
sddssdsdsd,1
projections,1
nonconvex,1
logos,1
hanzi,1
octshader,1
nfocalellipse,1
foci,1
raytracingcuberaytracing,1
fordcircles,1
dct,1
martijn,1
sf,1
vorno,1
shader3d,1
ksdjflj,1
multimaterial,1
out,1
adc,1
bailout,1
bail,1
sphereproject,1
trigless,1
codame,1
24,1
bokhe,1
buoy,1
mocap,1
crypto,1
feigenbaum,1
tame,1
impala,1
preparation,1
pixellate,1
voronoiegde,1
smileface,1
2dtrailingwithoutbuffer,1
circumcenter,1
hipercomplex3d,1
throbber,1
streaming,1
knight,1
meshtosdf,1
mobster,1
auroras,1
distance2d,1
artifact,1
dezz,1
marbre,1
pleasehelp,1
basicparedes,1
radialgrid,1
p1,1
p2,1
wallpapergoup,1
cmm,1
pmm,1
p4g,1
p4m,1
pg,1
galaxytrigonometry,1
tagsprocedural,1
shaded,1
gradience,1
angles,1
angletovector,1
cycling,1
waveoptics,1
more,1
galaxies,1
even,1
sunglare,1
logomtv,1
voronoifireball,1
raytracedfire,1
anbientocclusion,1
fakevolumetric,1
spheregrid,1
tdf2017,1
fluent,1
curcuit,1
revolved,1
tructet,1
2dmatrixrotationtriangles,1
binormal,1
shadermonkey,1
textureless,1
symmetrylineargrid,1
mandelspiral,1
atomium,1
sodering,1
tin,1
solids,1
indirect,1
bidirectional,1
rover,1
bloodshot,1
noisewave,1
2001,1
odyssey,1
smoothsteppolarcoordinate,1
aura,1
collection,1
temperature,1
copypaste,1
v3rowsglsl,1
lapincrtin,1
twolayeer,1
volumetriclighting,1
flags,1
pointlessmaths,1
raymarchingpart2,1
finals,1
quarter,1
anticore,1
highlights,1
angrygokuv4,1
lemmepost,1
symbols,1
animatedcellularnoise,1
inigoquilez,1
glowyshiny,1
girlbunnydragon,1
2ddraw,1
center,1
yaxis,1
ballrollingvoronoinoisefbmrandomlavamagma,1
livingfractal,1
forkxyoscilloscopecube,1
blankslate,1
boundingsphere,1
amongus,1
sofshadows,1
hehe,1
words,1
earlyout,1
manhattanvoronoi,1
manhattannorm,1
manhattanedges,1
knighty,1
sierpenski,1
automaton,1
jarble,1
333,1
randomfield,1
piecewisedistancefield,1
deformer,1
20190211,1
beatycolor,1
raymarch8camino,1
gun,1
missile,1
guidance,1
chaoslogisticmap,1
fractorial,1
rods,1
debutant,1
upscale,1
up,1
hqx,1
uk,1
unionjack,1
planocuadrov02,1
origami,1
chromaticshift,1
xmass,1
splines,1
synchronous,1
cirrocumulus,1
sadadas,1
interdimensionalrift,1
hexagonaltiling,1
simpletriangle,1
2dtriangle,1
cgk3,1
sierpinskitrianglefractal,1
2dimage,1
fatser,1
penumbrashadows,1
switch,1
elysian,1
katana,1
irreptile,1
wifi,1
beamforming,1
implementation,1
nikunjsha,1
textfilter,1
customtext,1
filtertext,1
mengerspongeva008,1
support,1
curlplasma,1
mooglius,1
phongandblinphong,1
perceptual,1
fireball,1
nexus,1
desmos,1
deltahedra,1
raydance,1
14,1
jacobs,1
ladder,1
theclouds,1
reinterpret,1
byevvvvil,1
circlehalfcircle,1
abstracttown,1
juliaraymarcher,1
colortemperature,1
cie,1
bezierfold,1
mandelbrotzoom,1
notgyroid,1
lightsquares,1
mapped,1
happyjumping,1
pond,1
polygonal,1
radiation,1
micro,1
heater,1
heating,1
microwave,1
iis,1
capsulespongev1,1
raymarshing,1
plates,1
buzzyfloor,1
fractalmultibrot,1
phongshading,1
refe619240,1
better,1
crap,1
sunshine,1
alliteration,1
littleart,1
smolart,1
sopure,1
textrendering,1
spiralflower,1
original144720,1
lemon,1
smokeflownoise,1
ska,1
hessenormalform,1
hyperplane,1
afga,1
2drotation,1
cellmergewithmetaballs,1
whell,1
25,1
distfunctions2d,1
finalproject,1
surrealart,1
spheremarch,1
strict,1
pogi,1
scurcil,1
randomlygeneratedshaders,1
halloween2,1
scaner,1
vertices,1
subtract,1
combinations,1
rotatingsphere,1
kernels,1
brazil,1
aliens,1
kometrain,1
harterheighway,1
paperfolding,1
timeofday,1
raymarchmouseshadow,1
nickydrinks,1
nopascal2d,1
2dqr,1
process,1
aquiles,1
voronoipointsspheresraymarching,1
dazzle,1
solution,1
oscillation,1
damping,1
mylittlepony,1
compatibility,1
compiler,1
nvscene,1
marchingsimple,1
craziergalaxies,1
nopalmtree,1
nobuildings,1
noboats,1
towater,1
nobridgesupports,1
atan2,1
rarymarching,1
doggo,1
tyu6yunyuiyuiynuiyu,1
bulge,1
gradualchange,1
checker2d,1
anotherspectrum,1
spaseship,1
multiplelight,1
fastcoding,1
growingcircle,1
cup,1
nauka,1
dashed,1
seigaiha,1
whatyoudontknow,1
ddr,1
twirl,1
fbmbeautypi,1
forensics,1
smoothsetp,1
w,1
proceduralgeometry,1
mm,1
opticalstream,1
tokyodemofest,1
cedec2018,1
audiovisual,1
lightrun,1
bojack,1
raytracingbyjordan,1
false,1
postesluzv1,1
hires,1
oceanwavesmalkovich,1
pttern,1
colorgrididid,1
atanfixv3,1
seas,1
linesz8q,1
kkk,1
hypercentric,1
pericentric,1
appliedscience,1
dominos,1
soyombo,1
dfsdfgdsfg,1
terraintest,1
revolving,1
geartrain,1
marched,1
betomaths,1
empty,1
functionsveiershrass,1
sinatan,1
raytracinganalytical,1
del,1
tetrahedronsdf,1
roundmax,1
nyquistshannon,1
snowball,1
newbe,1
tooney,1
modeffect,1
logeps,1
sekundnik,1
britney,1
transcendental,1
traverslao,1
original182740,1
physically,1
back,1
reverse,1
correctre,1
leonv2,1
conetrace,1
changingcolor,1
shapeborder,1
bisection,1
grandexpanse,1
daylight,1
colorcorrectcolorbalancehistogram,1
duplicate,1
kaleido,1
tanglesquare,1
jacksonwright,1
youtubetutorial,1
experimentswithglsl,1
fractalaonormalsraymarching,1
theuniverse,1
matroshka,1
doll,1
fuzzpolicesirens,1
bunding,1
epg200,1
randompolargrid,1
tricubic,1
layernoise,1
connected,1
castingball,1
musicvisual,1
standard,1
standardmap,1
noiseraymarch,1
2dflame,1
inverted,1
spherer,1
dumb,1
suneffect,1
danaga,1
esplosion,1
ear,1
mosss,1
domaintest,1
thankstothecrossshaderjustcopyofothersworkandatest,1
boxblur,1
flagshaderchina,1
palettes,1
construccionv2,1
interferencepattern,1
zag,1
raymarchingchurch,1
card,1
casino,1
slots,1
gambling,1
normalmapstuffbyflyguyv2,1
pirate,1
divine,1
dante,1
comedy,1
tide,1
venetian,1
blinds,1
alert,1
psycho,1
eyestimuli,1
craziestgalaxies,1
pseudostochasticnumbers,1
shaderbook,1
punchcard,1
search,1
stackless,1
fern,1
terraub,1
threshold,1
tiedye,1
sunburst,1
buckaroo,1
weeee,1
123,1
fastnoisev1,1
noisegrid,1
limacon,1
uglycode,1
newhere,1
darkmark,1
schlange,1
isart,1
doraemon,1
comtruise,1
cuartochicocolorv3,1
dsadsad,1
quadrtree,1
techeye,1
sat,1
forth,1
ombre,1
yab,1
ych,1
sierpinskifractal,1
watch,1
spiraltruchet,1
tiers,1
raymarchfractal3dshadow,1
readable,1
screendoor,1
fuzzing,1
rotationtemporis,1
ashaderadayforaweek,1
hmmm,1
movinggrid,1
unbiased,1
rotozoomer,1
pogo,1
flimmering,1
loader2d,1
desargues,1
sacedgeometry,1
polarform,1
responsetime,1
class,1
crustacean,1
flexing,1
movimiento,1
gabakkenlucht,1
ycc,1
ycwcm,1
membrane,1
mucous,1
oprep,1
3dgyroid,1
eth,1
illusionperception,1
xmb,1
shrink,1
artsy,1
singular,1
tdtouchcommunication,1
finlandsfarjan,1
plantes,1
simpleraytracing,1
trsac,1
hexel,1
crease,1
dickraymarching,1
voronoidiagram,1
myfirstshader,1
dg,1
mandelbrotpulsing,1
hallucination,1
partial,1
sherbert,1
voronoid,1
raymarching1,1
repetiion,1
pathtracinf,1
epilepsywarning,1
phasespace,1
permutation,1
galaxies2,1
interp,1
nederlands,1
pointtoraylinedistance,1
smoothsteptoavoidblurring,1
col,1
1320,1
2ndorder,1
powerdiagram,1
spacejewels,1
rankinebody,1
symmetrylinear,1
parking,1
garage,1
trigonomotry,1
01010010,1
01001001,1
01000011,1
01001011,1
mengerspongeva007,1
fractalgaz,1
2dmetaballs,1
boundary,1
raytracerlesson1,1
kayleen,1
reclaim,1
whip,1
rle,1
spidroball,1
israel,1
lightdispersion,1
codingpirates,1
monito2dyfondo,1
oldshkool,1
hopeful,1
2disolineav0,1
bicomplex,1
submarinesonar,1
indexedsearch,1
special,1
im,1
sinusoids,1
noktowizor,1
pointdistribution,1
academic,1
interlocked,1
infiniteroad,1
pureevil,1
consumption,1
circlemove,1
sdfmandelbulbrows,1
triganimation,1
netflix,1
defur,1
kiwi,1
tunelotrov1,1
animration,1
noiseripoff,1
apollonianiiv2,1
lion,1
transformer,1
puffy,1
psycadelic,1
elements,1
recamnssequence,1
motionsickness,1
tyre,1
polarglow,1
lavaball,1
fractalclouds,1
pollock,1
jackson,1
culling,1
firstpublic,1
cloudmathdraw,1
v,1
stereographic3d,1
testttt1233,1
raymarchfractalmandelbulb,1
toruswaterreflectionraymarch,1
rainbowshampoo,1
environmentmapmetal,1
pageflip,1
sinless,1
specularambientdiffuselighting,1
microsoft,1
redsphere,1
sierpinskiteppich,1
sub,1
3dprojection,1
checkedboard,1
explosions,1
movingline,1
zeta,1
repetitions,1
pga2,1
cuanticmslime,1
mandelbrotdeformev2,1
bobick,1
canvas,1
phasedarray,1
scaneline,1
crossesmusicvis,1
sync,1
refresh,1
framerate,1
hz,1
rate,1
crossing,1
phaseshifts,1
noodles,1
robobo1221,1
superegg,1
dualnumbers,1
autodifferentiation,1
dn,1
noisesin,1
processing,1
smokeeffect,1
2dpainting,1
3dobjects,1
unnamed1,1
idunno,1
dunnos,1
theydunno,1
exposureshader,1
forkpersiancarpet18jf,1
angels,1
munchingcubes,1
music2dcirclesspiral,1
america,1
tusi,1
hypotrochoid,1
auxiliary,1
parula,1
environmentmap,1
moche,1
eels,1
bitflip,1
garden,1
pioupiou,1
z,1
preethamskyirradiance,1
manger,1
woah,1
improved,1
windy,1
snakey,1
descompuestoapollonianv4,1
spacetime,1
vonkoch,1
atom3d,1
imageeffect,1
colormixing,1
vibe,1
philately,1
rackandpinion,1
chinese,1
distancefont,1
unicode,1
noisetest,1
sake,1
forestbosquev2,1
multisampling,1
tac,1
notitg,1
skin,1
rgf,1
fractal2d,1
watercolour,1
handdraw,1
irwinhall,1
distances,1
guassian,1
faceformula,1
profile,1
spaghetti,1
shaderfrog,1
joan,1
sunbeams,1
different,1
helpfulmistake,1
floataliasing,1
sdfopn01,1
pythagoras,1
brokendistancefields,1
bob,1
whirlpool,1
uvdistorsion,1
drumnbass,1
inferno,1
cellphone,1
rot,1
140,1
29,1
moremetaballs,1
stillmetaballs,1
schoolproject,1
magma,1
sst,1
terraforma,1
spiralhypno,1
archimedes2dline,1
linux,1
neuralrendering,1
matrice,1
landwalk,1
lelz,1
2droundrect,1
gait,1
interface,1
accuracy,1
improve,1
snale,1
paredv1,1
geometryfoldfractalglowing,1
eazeza,1
weightedline,1
sheet,1
feet,1
mengerspongeva002,1
update,1
twilight,1
ancienttempleii,1
eas,1
proceduralgenerated,1
ramp,1
distancehacks,1
identitytheft,1
waterflow,1
sector,1
poligon,1
pbrbrdf,1
polycolor,1
circlemotion,1
sphereintersection,1
cream,1
ducksymmetry,1
fortunatebug,1
batik,1
ethnomathematics,1
mwat,1
proceduraltextures,1
velvet,1
foobar,1
monkey,1
saddle,1
approx,1
raymarching3d,1
chroma,1
action,1
tranlsation,1
adaptive,1
blobnoise,1
droplets,1
flowmap,1
mud,1
spiralshsv,1
fabrik,1
mousable,1
terrenocerrov1,1
dash,1
rundeecken,1
parallelogrammevtlundandererkram,1
sdpie,1
shmilyqi,1
fr078,1
ukiyoe,1
fakeligth,1
cirulation,1
alsokewl,1
pseudoscience,1
spades,1
daybreak,1
circlesquarepattern,1
proceduralnoise,1
grim,1
granite,1
wrapping,1
derivaties,1
macro,1
inequality,1
cxxswizzle,1
3dmandelbulb,1
perlinnosie,1
bright,1
valentines,1
distancefieldslove,1
basicexcitebike,1
sphereiandntersect,1
sphera,1
stalk,1
pickoverstalks,1
fbmridge,1
neutronstar,1
leg,1
participatingmedia,1
testnewshadershit2,1
wobbling,1
b,1
twowaves,1
bondage,1
multiscene,1
twitchtvvedepo,1
emulated,1
hassciencegonetoofar,1
deferred,1
analytiv,1
billsdiosdeladestruccion,1
originofsymmetry,1
roundedcorners,1
fance,1
xorpattern,1
redandwhite,1
flick,1
overlappingshutter,1
oop,1
3pointlighting,1
simplewave,1
kindernoiser,1
ruins,1
picture,1
fractaljulia,1
startrails,1
koziej,1
spatial,1
rome,1
experiemnt,1
uvediting,1
dakdfdskfosdk,1
v0trilattice4glsl,1
absolute,1
smoothabs,1
boobs,1
hyperbolicgeometry,1
voro,1
businesscard,1
locus,1
burst,1
hmh,1
primary,1
oi,1
3dblob,1
debris,1
ribbonsbg,1
backgrounds,1
attraction,1
robrob,1
vornoicellsnoise,1
found,1
online,1
drivehome,1
spiralpatterns,1
raymarchv3,1
folly,1
stonesbymev3,1
cotton,1
cottoncandy,1
victory,1
celebrate,1
dummy,1
notagsitsadraft,1
filters,1
masks,1
confectionery,1
zebra,1
tixykaleidoscope,1
oldskool,1
zardoz,1
teacup,1
invite,1
cutter,1
sierpinsky,1
dirigible,1
eyewarp,1
cis561hw,1
albator,1
surcul,1
vaihtoehtopolitiikkaatorstaina,1
breweas,1
raymarchingflower,1
gliier,1
faked,1
juliamod,1
ecstatica,1
martin,1
ffffff,1
complexplot,1
waterrendering,1
isitnotcool,1
sdfiq,1
fivepointed,1
bynotargs,1
ee,1
octahedral,1
rinds,1
some,1
gravitysimulation,1
demoivre,1
cuberoot,1
airfoil,1
dotmatrix,1
aji,1
me,1
you,1
make,1
does,1
take,1
engranecolumna1ero,1
bahama,1
lizard,1
moebus,1
meromorphic,1
wfc,1
stepsubdivision,1
subtle,1
lightonplates,1
cuartov10joke,1
stroboscopic,1
opening,1
astrophysics,1
stolenshaders,1
beatingheart,1
joukowski,1
mandelbrut,1
spiders,1
revision2018,1
button,1
skiplegday,1
n64,1
kamehameha,1
basicsvg,1
alittletestsceneforplayingwithdifferentraymarchingtechniques,1
trianglecameron,1
orchids,1
pythagorean,1
triplets,1
mobiusloop,1
lab6,1
plucker,1
stanford,1
milkyway,1
starwarslightsaber,1
colourcycling,1
2dvoronoi,1
polarvnoise,1
whoa,1
starry,1
microscopic,1
jetplane,1
voxeltraversal,1
falsevolumetrics,1
moltencore,1
raymarchingmappingshadows,1
1z,1
2016,1
newyears,1
source,1
cambridge,1
electron,1
windows10,1
hanami,1
pinky,1
formconstant,1
form,1
constant,1
key,1
raysoflight,1
autostereogram,1
carouselshade,1
chessfield,1
baddistortion,1
tractor,1
crazycolors,1
mindless,1
paradoxical,1
tomgauld,1
logtiling,1
sollewitt,1
blackandwhitebands,1
8x8,1
brownianmotion,1
hypertrochoid,1
walk2dn3,1
hsbcolors,1
metaballspixel,1
happybirthday,1
mengerv4sdcylinderv2,1
finty,1
squaresrng,1
statelessrng,1
wave1,1
falseperspective,1
dfsfd,1
eppilepsy,1
raymarchingsdfblue,1
focalpoint,1
jeff,1
artofshadersartofshaders3d,1
hololens,1
x86port,1
lotr,1
disguise,1
parquet,1
doodle,1
waterwavesnoise,1
uglyshader,1
terrible,1
horrible,1
nogood,1
yayyy,1
xorbitwise,1
wires,1
limbogameblureffectgrass,1
sphereraymarchinglighting,1
kolmyjec,1
saturated,1
benham,1
psychedelia,1
meterial,1
2dstatic,1
brackets,1
mouths,1
gimbal,1
oxcompsoc,1
colorandfunctions,1
kerbalspaceprogram,1
mandelbulbderivatev4,1
mstretch,1
inverval,1
followpath,1
nan,1
3lightsfork,1
damier,1
rotate0,1
jpg,1
jpeg,1
ldp,1
lamp,1
quarantine,1
woronoi,1
faractal,1
biomes,1
blolb,1
traced,1
opaque,1
undefined,1
675,1
turning,1
images,1
randomnoiseboxpattern,1
bigblueboo,1
oban,1
racers,1
shapesquare,1
galactic,1
huehe,1
bijection,1
lanbert,1
monument,1
rainbowalphafadewhipe,1
spark,1
height,1
xray,1
rocket2dyscroller,1
fractaloid,1
einstein,1
lorentz,1
uniforms,1
halton,1
posterize,1
soften,1
skillgraph,1
mathcloud,1
2dshaders,1
variation,1
visibility,1
zh,1
bosquepoly2d,1
polygono,1
stationary,1
wouaaaa,1
fractalsmeritycircles,1
lightscattering,1
logarithmicspiral,1
homogeneous,1
unlit,1
calculations,1
pasillorojov1,1
ohgod,1
firstattempt,1
lut,1
viewerwarning,1
megademo,1
trsi,1
redsector,1
tristar,1
superman,1
lantern,1
stamina,1
dagger,1
sweden,1
vumeter,1
baldwin,1
4kb,1
pentagone,1
uvanim,1
fajne,1
lineargradient,1
aztec,1
mexican,1
functionquantizing,1
qta,1
spanish,1
2ddistancefield,1
raytrcing,1
simpleraymarching,1
basicgeometricimages,1
github,1
encoding,1
digitaldisplay,1
implicitsurfaces,1
ching,1
aurorus,1
colibri,1
tsp,1
reza,1
probability,1
solaireofastora,1
kalibox,1
holetotown,1
badshapes1,1
twin,1
dfgsdfgsd,1
mengerboxv3,1
mengercylinderv1,1
sneaker,1
bellcurve,1
froot,1
ribbons,1
weighing,1
not,1
plugged,1
cuartochicocolor,1
normalmapstuffbyflyguyv4,1
breast,1
colorblindness,1
daltonize,1
joko,1
unsigned,1
hypnoteye,1
desire,1
msdos,1
3dvisualizefunctions,1
spikingrotation,1
palmtree,1
goblets,1
dist,1
ox,1
cs,1
sinewaveoscilloscope,1
amplitude,1
similarity,1
octaves,1
scanning,1
distf,1
lanterns,1
threelink,1
rmcrde,1
tet,1
amigascanlineeffect,1
idw,1
sepia,1
filmgrain,1
raytracingspherecolor,1
forkunderwaterfractalcreature,1
sphericalharmonicsvisibility,1
teal,1
malachite,1
growth,1
dwdwdwd,1
extracredit,1
2drobinsonfilledfrag,1
competition,1
alu,1
sdgfsdgf,1
raymarchingraytracing,1
raymarchingiterations,1
tint,1
aftereffects,1
after,1
piet,1
hein,1
hohoho,1
orbitalmechanics,1
rainy,1
xornoise,1
blurring,1
sharpening,1
smoothness,1
approximated,1
256b,1
genus,1
pine,1
korea,1
rok,1
nation,1
raymarchshadows,1
diagonalgradient,1
collage,1
binarydecomposition,1
barber,1
poll,1
fractalstyle,1
lightcone,1
bluehearts,1
goochshading,1
nyancat,1
rains,1
africa,1
conical,1
basicbeginner,1
caferealtrace,1
mataballs,1
floorreflection,1
particletransparencydemo,1
50,1
kyrp,1
wavefunction,1
orbtial,1
teleport,1
webxr,1
hamburger,1
buns,1
beef,1
invaderz,1
zerfef,1
buugeng,1
adaption,1
vogeldistribution,1
ascending,1
moment,1
pineraql,1
conecapsule,1
hambone,1
twodimensional,1
editnlearnshadeaday,1
capped,1
fnord,1
lib,1
hg,1
limb,1
cassinoid,1
cassini,1
3dcylinderrotation,1
raymarchingnoiselandscape,1
prismatic,1
gdcs,1
crazedcoding,1
dreidel,1
paul,1
solskogen,1
hypnoflower,1
lightsv2,1
whatevs,1
interferencepatt,1
deep,1
mineral,1
campath,1
shapeslearn,1
zoneplate,1
fizzlefade,1
coin,1
lighttrace,1
circlerotation,1
proceduralworld,1
synthetic,1
riemannzeta,1
eulerspiral,1
fresnelintegral,1
windingrule,1
procedrual,1
yay,1
mapper,1
smudge,1
loadingicon,1
xorproceduraltexture,1
phoenix,1
continents,1
conference,1
butterflies,1
aub,1
ab,1
bone,1
lathe,1
linb,1
testmodel,1
papa,1
archimedeanspiral,1
spiralanimation,1
waterspout,1
raymac,1
sadfasdf,1
overkill,1
solidanglereflect,1
functionplot,1
fireandwater,1
lissajouscurve,1
smoothblending,1
ancient,1
horology,1
astrology,1
causticstest,1
vogelsprial,1
3dcurves,1
sierpinksi,1
cannabis,1
3draytracepong,1
mandeltoast,1
hedge,1
cs8ec,1
cuernosv2,1
mandebrot,1
frail,1
2ddistortion,1
megahighbuildingsbysteven,1
23,1
geometricorbittraps,1
spheretree,1
js1k2016js1k2016,1
relaxation,1
mathdrawraymarch,1
photon,1
wavepropagation,1
shaderofgame,1
sb69,1
bolygones,1
2dcat,1
littlewolf,1
lobito,1
cavernousspace,1
mashup,1
curvetrail,1
curvetrace,1
asymptote,1
pokeball,1
focallength,1
osciloscoper0,1
thread,1
yarn,1
justice,1
dumbshader,1
booty,1
branch,1
yeex,1
rocky,1
demopary,1
fghdghgh,1
camargo,1
sliders,1
widgets,1
ornamental,1
kluchikov,1
simplelearning2d,1
koleidoskop,1
bitcompressed,1
sculpting,1
webvr,1
nonstandard,1
smod,1
soundinputone,1
nolights,1
mengerspongex4,1
raymarchdisplace,1
sinusworm,1
inputdomain,1
inkplot,1
pepe,1
verysad,1
saddest,1
oceanwaterheightmap,1
rgbrainbow,1
changeshape,1
malaysia,1
malaysian,1
figure8,1
2dcirletesttime,1
app,1
gnrationdeterrain,1
volumetricscattering,1
sdfart,1
sphere4,1
wooden,1
mandelbrotimaginarycomplex,1
20190208,1
chaotic,1
nonlinearsystem,1
hyperghost,1
hedron,1
metric,1
amoeba,1
awfulcode,1
googlelogo,1
timefunction,1
sdfg,1
haha,1
speedpaint,1
perlinnoisedemo,1
septa,1
wings,1
tail,1
2dfog,1
rectselect,1
cc7615,1
unity,1
ovtaves,1
holographic,1
kinect,1
demoplasmaeffect,1
vecotr,1
visulizer,1
gradent,1
hydra,1
deeprealm,1
lakes,1
ridgelines,1
boule,1
trope,1
keke,1
baguette,1
pigeon,1
luminescence,1
worker2d,1
tripfest,1
kata,1
threstleraymarching3,1
barcode,1
installation,1
wikipediashadertoy,1
redshift,1
bh,1
devious2eas,1
originalmandelboxmandelbulb,1
mold,1
excersize,1
documented,1
valve,1
portal2,1
perlinrorschachwatercolor,1
inversesmoothstep,1
harter,1
heighway,1
carthography,1
tetragrammaton,1
digger,1
diggy,1
riftborn,1
pixelatedspiral,1
fractalmandlebrot,1
ford,1
appollonian,1
rwos,1
circleswithoutloops,1
tunneltest,1
parallaxgrid,1
fov,1
shake,1
contourline,1
anothercoloring,1
pls,1
despacito,1
jpp,1
draftdiamondsancds,1
nebulae,1
canada,1
blueflowers,1
philipkdick,1
ascannerdarkly,1
interpreter,1
bytecode,1
textscroll,1
guns,1
noisederivative,1
basicstairs2d,1
just,1
dogmatic,1
0,1
off,1
io,1
fastnoisev2,1
boundaries,1
nuitclaire,1
polychora,1
hyper,1
spectacles,1
pyshcedelic,1
coronadejesus,1
os,1
manipulation,1
jg,1
scream,1
examples,1
fakebumpmapping,1
skewconstant,1
fullscreen,1
waterraytrace,1
integrator,1
atanlength,1
pitch,1
quadrisymmetry,1
utah,1
landscapemystery,1
ld48,1
shmupshaderbykatsuomi,1
circlelenght,1
mehnir,1
layeredstuff,1
neoncircuitbyit7c,1
bubler,1
backdrop,1
polargradient,1
splash,1
breath,1
supah,1
sieve,1
ooze,1
lifted,1
ballot,1
vote,1
hept32,1
vignetting,1
raa,1
shooter,1
raymarchingnotes,1
pixelshader,1
sheets,1
